a√±o,ccz,est,se,cv,actividad
2009,CCZ01,"67,94588946","1,869093133","2,8",Ocupadas
2009,CCZ01,"2,821644217","0,6716578547","23,8",Desocupadas
2009,CCZ01,"1,43985137","0,385103157","26,7",Actividades del hogar
2009,CCZ01,"0,4760798885","0,1977358207","41,5",Estudiante
2009,CCZ01,"27,31653507","1,786862008","6,5","Rentista, Jubilada o Pensionista"
2009,CCZ01,0,0,,Otra
2010,CCZ01,"67,81596007","1,989998944","2,9",Ocupadas
2010,CCZ01,"3,080718261","0,72334381","23,5",Desocupadas
2010,CCZ01,"2,076759796","0,8797837555","42,4",Actividades del hogar
2010,CCZ01,"0,9236417876","0,4009486005","43,4",Estudiante
2010,CCZ01,"25,74723194","1,869615685","7,3","Rentista, Jubilada o Pensionista"
2010,CCZ01,"0,3556881418","0,2836509442","79,7",Otra
2011,CCZ01,"70,55636896","1,809965391","2,6",Ocupadas
2011,CCZ01,"2,840409956","0,7264965226","25,6",Desocupadas
2011,CCZ01,"1,161542216","0,3976568445","34,2",Actividades del hogar
2011,CCZ01,"1,21522694","0,4263575477","35,1",Estudiante
2011,CCZ01,"23,95314788","1,638337049","6,8","Rentista, Jubilada o Pensionista"
2011,CCZ01,"0,2733040508","0,1864802281","68,2",Otra
2012,CCZ01,"71,24373792","1,654073193","2,3",Ocupadas
2012,CCZ01,"2,53244448","0,4958250857","19,6",Desocupadas
2012,CCZ01,"1,345114591","0,4110123014","30,6",Actividades del hogar
2012,CCZ01,"0,485187961","0,2406667373","49,6",Estudiante
2012,CCZ01,"24,30278884","1,577396242","6,5","Rentista, Jubilada o Pensionista"
2012,CCZ01,"0,09072620409","0,09050942936","99,8",Otra
2013,CCZ01,"68,16430561","2,207542209","3,2",Ocupadas
2013,CCZ01,"1,647797997","0,5174607171","31,4",Desocupadas
2013,CCZ01,"1,309940134","0,6207056349","47,4",Actividades del hogar
2013,CCZ01,0,0,,Estudiante
2013,CCZ01,"28,87795626","2,200982533","7,6","Rentista, Jubilada o Pensionista"
2013,CCZ01,0,0,,Otra
2014,CCZ01,"70,12735461","1,708692069","2,4",Ocupadas
2014,CCZ01,"2,808580698","0,6595206586","23,5",Desocupadas
2014,CCZ01,"1,88368602","0,4747904","25,2",Actividades del hogar
2014,CCZ01,"1,070166094","0,3890070625","36,4",Estudiante
2014,CCZ01,"23,86325117","1,729809613","7,2","Rentista, Jubilada o Pensionista"
2014,CCZ01,"0,2469614062","0,1729071247",70,Otra
2015,CCZ01,"71,17566331","1,593357039","2,2",Ocupadas
2015,CCZ01,"2,639524245","0,654095142","24,8",Desocupadas
2015,CCZ01,"0,9057639524","0,3471484555","38,3",Actividades del hogar
2015,CCZ01,"0,9149130833","0,3630896248","39,7",Estudiante
2015,CCZ01,"24,13083257","1,505933596","6,2","Rentista, Jubilada o Pensionista"
2015,CCZ01,"0,2333028362","0,1654134569","70,9",Otra
2016,CCZ01,"71,04222535","2,410126612","3,4",Ocupadas
2016,CCZ01,"3,168037816","0,6610138068","20,9",Desocupadas
2016,CCZ01,"1,536293805","0,4139646012","26,9",Actividades del hogar
2016,CCZ01,"1,077223763","0,370120269","34,4",Estudiante
2016,CCZ01,"23,17621926","2,309860295",10,"Rentista, Jubilada o Pensionista"
2016,CCZ01,0,0,,Otra
2017,CCZ01,"71,54054869","1,566605637","2,2",Ocupadas
2017,CCZ01,"2,166329299","0,5572255854","25,7",Desocupadas
2017,CCZ01,"1,266204402","0,4282181024","33,8",Actividades del hogar
2017,CCZ01,"1,050863517","0,377074073","35,9",Estudiante
2017,CCZ01,"23,75209957","1,539610235","6,5","Rentista, Jubilada o Pensionista"
2017,CCZ01,"0,22395452","0,155515293","69,4",Otra
2018,CCZ01,"69,33072872","1,920108385","2,8",Ocupadas
2018,CCZ01,"4,972821471","0,8850407587","17,8",Desocupadas
2018,CCZ01,"1,545778835","0,4635135924",30,Actividades del hogar
2018,CCZ01,"1,193307287","0,4110534183","34,4",Estudiante
2018,CCZ01,"22,60064549","1,713160321","7,6","Rentista, Jubilada o Pensionista"
2018,CCZ01,"0,3567181926","0,2115595336","59,3",Otra
2019,CCZ01,"70,34545757","1,841424448","2,6",Ocupadas
2019,CCZ01,"3,840724132","0,841771324","21,9",Desocupadas
2019,CCZ01,"1,26640093","0,4398610876","34,7",Actividades del hogar
2019,CCZ01,"1,017272878","0,4786725512","47,1",Estudiante
2019,CCZ01,"23,4097326","1,672646879","7,1","Rentista, Jubilada o Pensionista"
2019,CCZ01,"0,1204118917","0,1192397237",99,Otra
2022,CCZ01,"70,46509282","2,872492208","4,1",Ocupadas
2022,CCZ01,"0,9231234867","0,5463464203","59,2",Desocupadas
2022,CCZ01,"2,219531881","0,7130521394","32,1",Actividades del hogar
2022,CCZ01,"1,412429379","0,7190917861","50,9",Estudiante
2022,CCZ01,"24,97982244","2,872088442","11,5","Rentista, Jubilada o Pensionista"
2022,CCZ01,0,0,,Otra
2009,CCZ02,"70,50256523","1,172068612","1,7",Ocupadas
2009,CCZ02,"2,772107905","0,4078819224","14,7",Desocupadas
2009,CCZ02,"1,050918519","0,2604649628","24,8",Actividades del hogar
2009,CCZ02,"1,064710101","0,2545937569","23,9",Estudiante
2009,CCZ02,"24,4000662","1,12106073","4,6","Rentista, Jubilada o Pensionista"
2009,CCZ02,"0,2096320406","0,122787622","58,6",Otra
2010,CCZ02,"68,47016224","1,322827637","1,9",Ocupadas
2010,CCZ02,"2,989578256","0,465001155","15,6",Desocupadas
2010,CCZ02,"1,636376297","0,3357195193","20,5",Actividades del hogar
2010,CCZ02,"0,960935868","0,27371499","28,5",Estudiante
2010,CCZ02,"25,68066291","1,252894031","4,9","Rentista, Jubilada o Pensionista"
2010,CCZ02,"0,2622844277","0,1248012581","47,6",Otra
2011,CCZ02,"73,10053278","1,246239751","1,7",Ocupadas
2011,CCZ02,"1,96509922","0,3752895689","19,1",Desocupadas
2011,CCZ02,"1,773994286","0,3254883363","18,3",Actividades del hogar
2011,CCZ02,"0,9458729056","0,2560041169","27,1",Estudiante
2011,CCZ02,"21,92301753","1,121951526","5,1","Rentista, Jubilada o Pensionista"
2011,CCZ02,"0,2914832831","0,1364588384","46,8",Otra
2012,CCZ02,"72,47026939","1,209541662","1,7",Ocupadas
2012,CCZ02,"1,738277143","0,3100540573","17,8",Desocupadas
2012,CCZ02,"1,044368122","0,2585543824","24,8",Actividades del hogar
2012,CCZ02,"0,8551202075","0,2442159645","28,6",Estudiante
2012,CCZ02,"23,59057031","1,118708675","4,7","Rentista, Jubilada o Pensionista"
2012,CCZ02,"0,3013948272","0,1750194032","58,1",Otra
2013,CCZ02,"70,61417394","1,170985526","1,7",Ocupadas
2013,CCZ02,"1,790963774","0,3661867851","20,4",Desocupadas
2013,CCZ02,"1,847496721","0,315159448","17,1",Actividades del hogar
2013,CCZ02,"1,61231966","0,328516114","20,4",Estudiante
2013,CCZ02,"23,83202931","1,134578837","4,8","Rentista, Jubilada o Pensionista"
2013,CCZ02,"0,3030165981","0,1348150113","44,5",Otra
2014,CCZ02,"70,66741206","1,147318035","1,6",Ocupadas
2014,CCZ02,"2,636105616","0,413748332","15,7",Desocupadas
2014,CCZ02,"1,395458846","0,2860645923","20,5",Actividades del hogar
2014,CCZ02,"2,006106476","0,3803248887",19,Estudiante
2014,CCZ02,"23,06269889","1,074840522","4,7","Rentista, Jubilada o Pensionista"
2014,CCZ02,"0,232218113","0,1163744911","50,1",Otra
2015,CCZ02,"70,6273956","1,236371149","1,8",Ocupadas
2015,CCZ02,"2,967744828","0,4485260671","15,1",Desocupadas
2015,CCZ02,"1,145406048","0,2658100734","23,2",Actividades del hogar
2015,CCZ02,"0,880909152","0,2404537533","27,3",Estudiante
2015,CCZ02,"24,3112994","1,18168634","4,9","Rentista, Jubilada o Pensionista"
2015,CCZ02,"0,06724497344","0,06715510437","99,9",Otra
2016,CCZ02,"70,66072088","1,414722344",2,Ocupadas
2016,CCZ02,"3,351100322","0,4038092949","12,1",Desocupadas
2016,CCZ02,"1,614860943","0,3580258716","22,2",Actividades del hogar
2016,CCZ02,"1,398490686","0,3423017972","24,5",Estudiante
2016,CCZ02,"22,90622196","1,322218312","5,8","Rentista, Jubilada o Pensionista"
2016,CCZ02,"0,06860520344","0,06697813229","97,6",Otra
2017,CCZ02,"71,99930707","1,240044671","1,7",Ocupadas
2017,CCZ02,"3,362854854","0,4518427733","13,4",Desocupadas
2017,CCZ02,"1,489790173","0,3104056285","20,8",Actividades del hogar
2017,CCZ02,"1,418332215","0,3397906153",24,Estudiante
2017,CCZ02,"21,66908469","1,152308507","5,3","Rentista, Jubilada o Pensionista"
2017,CCZ02,"0,06063099543","0,06063820445",100,Otra
2018,CCZ02,"71,28785721","1,214529496","1,7",Ocupadas
2018,CCZ02,"3,636191019","0,5701127999","15,7",Desocupadas
2018,CCZ02,"1,611601633","0,3496179332","21,7",Actividades del hogar
2018,CCZ02,"1,502420963","0,4022066331","26,8",Estudiante
2018,CCZ02,"21,89072439","1,193732889","5,5","Rentista, Jubilada o Pensionista"
2018,CCZ02,"0,07120478496","0,07072516102","99,3",Otra
2019,CCZ02,"70,54908486","1,450400995","2,1",Ocupadas
2019,CCZ02,"3,998098407","0,5916245917","14,8",Desocupadas
2019,CCZ02,"2,18207749","0,4631107099","21,2",Actividades del hogar
2019,CCZ02,"0,7344901355","0,2723121539","37,1",Estudiante
2019,CCZ02,"22,53624911","1,262289066","5,6","Rentista, Jubilada o Pensionista"
2019,CCZ02,0,0,,Otra
2022,CCZ02,"69,20414324","1,737311079","2,5",Ocupadas
2022,CCZ02,"3,909015199","0,7636260772","19,5",Desocupadas
2022,CCZ02,"3,156881116","0,6812838789","21,6",Actividades del hogar
2022,CCZ02,"3,193316677","0,8021782319","25,1",Estudiante
2022,CCZ02,"20,53664376","1,444257096",7,"Rentista, Jubilada o Pensionista"
2022,CCZ02,0,0,,Otra
2009,CCZ03,"66,63360163","1,320919408",2,Ocupadas
2009,CCZ03,"2,190794694","0,4257991118","19,4",Desocupadas
2009,CCZ03,"2,791633602","0,4574316548","16,4",Actividades del hogar
2009,CCZ03,"0,2153950799","0,1369667385","63,6",Estudiante
2009,CCZ03,"28,08638476","1,298923246","4,6","Rentista, Jubilada o Pensionista"
2009,CCZ03,"0,08219022787","0,08209371975","99,9",Otra
2010,CCZ03,"66,97687447","1,502012921","2,2",Ocupadas
2010,CCZ03,"1,593575897","0,3644898929","22,9",Desocupadas
2010,CCZ03,"1,795885337","0,403799381","22,5",Actividades del hogar
2010,CCZ03,"0,3517071804","0,1930367811","54,9",Estudiante
2010,CCZ03,"29,07342276","1,416191589","4,9","Rentista, Jubilada o Pensionista"
2010,CCZ03,"0,2085343459","0,1466767094","70,3",Otra
2011,CCZ03,"71,93223202","1,332870681","1,9",Ocupadas
2011,CCZ03,"1,361693144","0,3137561643",23,Desocupadas
2011,CCZ03,"2,037261836","0,3987128655","19,6",Actividades del hogar
2011,CCZ03,"0,274449781","0,1998805374","72,8",Estudiante
2011,CCZ03,"24,39436322","1,250454258","5,1","Rentista, Jubilada o Pensionista"
2011,CCZ03,0,0,,Otra
2012,CCZ03,"68,29710145","1,44443184","2,1",Ocupadas
2012,CCZ03,"1,802536232","0,4056935815","22,5",Desocupadas
2012,CCZ03,"2,611714976","0,4821199601","18,5",Actividades del hogar
2012,CCZ03,"0,2958937198","0,1703420191","57,6",Estudiante
2012,CCZ03,"26,81461353","1,403510422","5,2","Rentista, Jubilada o Pensionista"
2012,CCZ03,"0,1781400966","0,1780698658",100,Otra
2013,CCZ03,"66,8466426","1,381652466","2,1",Ocupadas
2013,CCZ03,"1,995644781","0,4224213147","21,2",Desocupadas
2013,CCZ03,"2,568385884","0,4758803328","18,5",Actividades del hogar
2013,CCZ03,"0,4981654387","0,2046363598","41,1",Estudiante
2013,CCZ03,"27,78987561","1,309781478","4,7","Rentista, Jubilada o Pensionista"
2013,CCZ03,"0,3012856845","0,1492297046","49,5",Otra
2014,CCZ03,"67,85153013","1,318826702","1,9",Ocupadas
2014,CCZ03,"1,585850216","0,3819225693","24,1",Desocupadas
2014,CCZ03,"2,848815613","0,4313625695","15,1",Actividades del hogar
2014,CCZ03,"0,6029088208","0,2244546758","37,2",Estudiante
2014,CCZ03,"26,97374061","1,295043417","4,8","Rentista, Jubilada o Pensionista"
2014,CCZ03,"0,1371546133","0,09631019493","70,2",Otra
2015,CCZ03,"67,80680053","1,368337104",2,Ocupadas
2015,CCZ03,"1,987802773","0,4131641479","20,8",Desocupadas
2015,CCZ03,"1,783556757","0,3823314457","21,4",Actividades del hogar
2015,CCZ03,"0,2013693113","0,1414459909","70,2",Estudiante
2015,CCZ03,"27,85512916","1,278111391","4,6","Rentista, Jubilada o Pensionista"
2015,CCZ03,"0,3653414648","0,1612542702","44,1",Otra
2016,CCZ03,"66,73389844","1,995208522",3,Ocupadas
2016,CCZ03,"2,115075363","0,4228964883",20,Desocupadas
2016,CCZ03,"2,245904767","0,3580512193","15,9",Actividades del hogar
2016,CCZ03,"0,16898798","0,1171711091","69,3",Estudiante
2016,CCZ03,"28,38725504","1,8983131","6,7","Rentista, Jubilada o Pensionista"
2016,CCZ03,"0,3488784104","0,1641196935",47,Otra
2017,CCZ03,"67,66300366","1,341582121",2,Ocupadas
2017,CCZ03,"2,816117216","0,4733468578","16,8",Desocupadas
2017,CCZ03,"2,089377289","0,4169315166",20,Actividades del hogar
2017,CCZ03,"0,5304029304","0,234880313","44,3",Estudiante
2017,CCZ03,"26,9010989","1,24241191","4,6","Rentista, Jubilada o Pensionista"
2017,CCZ03,0,0,,Otra
2018,CCZ03,"66,07961399","1,552105424","2,3",Ocupadas
2018,CCZ03,"2,913818523","0,4976625249","17,1",Desocupadas
2018,CCZ03,"2,157887683","0,4038685339","18,7",Actividades del hogar
2018,CCZ03,"0,2144484654","0,1504482214","70,2",Estudiante
2018,CCZ03,"28,63423134","1,530343218","5,3","Rentista, Jubilada o Pensionista"
2018,CCZ03,0,0,,Otra
2019,CCZ03,"68,8946546","1,385288073",2,Ocupadas
2019,CCZ03,"1,536102839","0,3605776954","23,5",Desocupadas
2019,CCZ03,"2,364595925","0,4905902776","20,7",Actividades del hogar
2019,CCZ03,"0,6840227614","0,2795758924","40,9",Estudiante
2019,CCZ03,"26,13733526","1,311791865",5,"Rentista, Jubilada o Pensionista"
2019,CCZ03,"0,3832886163","0,1938105446","50,6",Otra
2022,CCZ03,"68,8941978","1,635800587","2,4",Ocupadas
2022,CCZ03,"1,933328909","0,6076500131","31,4",Desocupadas
2022,CCZ03,"3,638816997","0,737063786","20,3",Actividades del hogar
2022,CCZ03,"0,9644524078","0,3906909683","40,5",Estudiante
2022,CCZ03,"24,40108833","1,543683582","6,3","Rentista, Jubilada o Pensionista"
2022,CCZ03,"0,1681155573","0,1622237067","96,5",Otra
2009,CCZ04,"64,86097481","1,839267174","2,8",Ocupadas
2009,CCZ04,"2,760876676","0,6385153035","23,1",Desocupadas
2009,CCZ04,"2,001962709","0,555271574","27,7",Actividades del hogar
2009,CCZ04,"0,5233889434","0,2741985071","52,4",Estudiante
2009,CCZ04,"29,13313706","1,815982458","6,2","Rentista, Jubilada o Pensionista"
2009,CCZ04,"0,7196597972","0,3348303227","46,5",Otra
2010,CCZ04,"64,8098974","1,973185007",3,Ocupadas
2010,CCZ04,"1,038020519","0,4284416703","41,3",Desocupadas
2010,CCZ04,"1,653590827","0,5829723821","35,3",Actividades del hogar
2010,CCZ04,"0,4646952323","0,292728354",63,Estudiante
2010,CCZ04,"31,26735063","2,066847173","6,6","Rentista, Jubilada o Pensionista"
2010,CCZ04,"0,7664453832","0,3936050347","51,4",Otra
2011,CCZ04,"67,24869452","2,038690263",3,Ocupadas
2011,CCZ04,"1,708006963","0,5906069467","34,6",Desocupadas
2011,CCZ04,"1,071583986","0,4138223123","38,6",Actividades del hogar
2011,CCZ04,"0,6418624891","0,3647196715","56,8",Estudiante
2011,CCZ04,"29,07963446","1,978044828","6,8","Rentista, Jubilada o Pensionista"
2011,CCZ04,"0,2502175805","0,1725898882",69,Otra
2012,CCZ04,"71,10571535","2,338709475","3,3",Ocupadas
2012,CCZ04,"0,9774623335","0,4332235567","44,3",Desocupadas
2012,CCZ04,"2,154152658","0,6106870489","28,3",Actividades del hogar
2012,CCZ04,"0,4109077325","0,2453661606","59,7",Estudiante
2012,CCZ04,"25,35176192","2,209937393","8,7","Rentista, Jubilada o Pensionista"
2012,CCZ04,0,0,,Otra
2013,CCZ04,"63,59283794","1,940231874","3,1",Ocupadas
2013,CCZ04,"2,315209549","0,6312810269","27,3",Desocupadas
2013,CCZ04,"2,387354889","0,6743993448","28,2",Actividades del hogar
2013,CCZ04,"1,226470781","0,4709112201","38,4",Estudiante
2013,CCZ04,"30,11084148","1,859124679","6,2","Rentista, Jubilada o Pensionista"
2013,CCZ04,"0,3672853676","0,2581097738","70,3",Otra
2014,CCZ04,"68,58894982","1,850482524","2,7",Ocupadas
2014,CCZ04,"2,36452621","0,6371443424","26,9",Desocupadas
2014,CCZ04,"1,462350374","0,5162405698","35,3",Actividades del hogar
2014,CCZ04,"1,043693614","0,4609576942","44,2",Estudiante
2014,CCZ04,"26,3989622","1,765886538","6,7","Rentista, Jubilada o Pensionista"
2014,CCZ04,"0,1415177782","0,1415405227",100,Otra
2015,CCZ04,"66,61659046","2,241888184","3,4",Ocupadas
2015,CCZ04,"2,619203135","0,714065434","27,3",Desocupadas
2015,CCZ04,"1,273677335","0,4663530514","36,6",Actividades del hogar
2015,CCZ04,"0,6466361855","0,5038241857","77,9",Estudiante
2015,CCZ04,"28,64141084","2,097013528","7,3","Rentista, Jubilada o Pensionista"
2015,CCZ04,"0,2024820379","0,2016652145","99,6",Otra
2016,CCZ04,"70,84085168","1,682131638","2,4",Ocupadas
2016,CCZ04,"1,654035847","0,4671381188","28,2",Desocupadas
2016,CCZ04,"1,557801035","0,5125890679","32,9",Actividades del hogar
2016,CCZ04,"0,8841573439","0,4533788012","51,3",Estudiante
2016,CCZ04,"24,8887285","1,547148572","6,2","Rentista, Jubilada o Pensionista"
2016,CCZ04,"0,1744255985","0,1741461433","99,8",Otra
2017,CCZ04,"69,14913658","2,381214109","3,4",Ocupadas
2017,CCZ04,"1,205651491","0,484494934","40,2",Desocupadas
2017,CCZ04,"1,350078493","0,4800393795","35,6",Actividades del hogar
2017,CCZ04,"0,8540031397","0,4188391522",49,Estudiante
2017,CCZ04,"27,4411303","2,311361606","8,4","Rentista, Jubilada o Pensionista"
2017,CCZ04,0,0,,Otra
2018,CCZ04,"66,50339111","1,952170596","2,9",Ocupadas
2018,CCZ04,"2,838482793","0,7699813361","27,1",Desocupadas
2018,CCZ04,"2,01582517","0,6036097231","29,9",Actividades del hogar
2018,CCZ04,"0,4835468475","0,3233400078","66,9",Estudiante
2018,CCZ04,"28,15875408","1,945664557","6,9","Rentista, Jubilada o Pensionista"
2018,CCZ04,0,0,,Otra
2019,CCZ04,"63,1771227","2,029725333","3,2",Ocupadas
2019,CCZ04,"2,273872512","0,6566727512","28,9",Desocupadas
2019,CCZ04,"2,135298564","0,6792435114","31,8",Actividades del hogar
2019,CCZ04,"1,228269085","0,5209960176","42,4",Estudiante
2019,CCZ04,"31,18543714","2,137851973","6,9","Rentista, Jubilada o Pensionista"
2019,CCZ04,0,0,,Otra
2022,CCZ04,"69,9625096","2,5814224","3,7",Ocupadas
2022,CCZ04,"1,662225033","0,6531636096","39,3",Desocupadas
2022,CCZ04,"2,357830074","0,9009293948","38,2",Actividades del hogar
2022,CCZ04,"1,355074755","0,6649921382","49,1",Estudiante
2022,CCZ04,"24,66236054","2,268613323","9,2","Rentista, Jubilada o Pensionista"
2022,CCZ04,0,0,,Otra
2009,CCZ05,"65,57727776","1,156669757","1,8",Ocupadas
2009,CCZ05,"1,903356695","0,3032818914","15,9",Desocupadas
2009,CCZ05,"2,296815443","0,3565513058","15,5",Actividades del hogar
2009,CCZ05,"0,3959178655","0,1232764131","31,1",Estudiante
2009,CCZ05,"29,58072052","1,088844634","3,7","Rentista, Jubilada o Pensionista"
2009,CCZ05,"0,2459117177","0,09818732072","39,9",Otra
2010,CCZ05,"63,58867837","1,190572917","1,9",Ocupadas
2010,CCZ05,"1,374289251","0,2685409265","19,5",Desocupadas
2010,CCZ05,"1,974360588","0,3414300568","17,3",Actividades del hogar
2010,CCZ05,"0,4678877909","0,1486998039","31,8",Estudiante
2010,CCZ05,"32,42693187","1,133924757","3,5","Rentista, Jubilada o Pensionista"
2010,CCZ05,"0,1678521223","0,10913376",65,Otra
2011,CCZ05,"69,11264288","1,090798835","1,6",Ocupadas
2011,CCZ05,"1,828810749","0,2910445319","15,9",Desocupadas
2011,CCZ05,"1,779949394","0,2716589646","15,3",Actividades del hogar
2011,CCZ05,"0,6177471425","0,1913505744",31,Estudiante
2011,CCZ05,"26,25774365","0,9935386581","3,8","Rentista, Jubilada o Pensionista"
2011,CCZ05,"0,4031061862","0,1357510811","33,7",Otra
2012,CCZ05,"65,46191281","1,129639528","1,7",Ocupadas
2012,CCZ05,"1,374437499","0,2641527085","19,2",Desocupadas
2012,CCZ05,"2,514711572","0,3652902602","14,5",Actividades del hogar
2012,CCZ05,"0,3115391664","0,1277659272",41,Estudiante
2012,CCZ05,"30,05640284","1,10775156","3,7","Rentista, Jubilada o Pensionista"
2012,CCZ05,"0,2809961109","0,1148664715","40,9",Otra
2013,CCZ05,"64,34860935","1,143777315","1,8",Ocupadas
2013,CCZ05,"1,443041232","0,2601295079",18,Desocupadas
2013,CCZ05,"2,297836357","0,3222049377",14,Actividades del hogar
2013,CCZ05,"0,5808930311","0,1795579478","30,9",Estudiante
2013,CCZ05,"30,84431699","1,086582765","3,5","Rentista, Jubilada o Pensionista"
2013,CCZ05,"0,4853030387","0,1624532064","33,5",Otra
2014,CCZ05,"65,57828412","1,108187646","1,7",Ocupadas
2014,CCZ05,"1,166628426","0,2454528093",21,Desocupadas
2014,CCZ05,"2,447978256","0,338758077","13,8",Actividades del hogar
2014,CCZ05,"0,7324520376","0,1983195616","27,1",Estudiante
2014,CCZ05,"29,74461251","1,059385084","3,6","Rentista, Jubilada o Pensionista"
2014,CCZ05,"0,3300446531","0,125156734","37,9",Otra
2015,CCZ05,"67,34441719","1,161704319","1,7",Ocupadas
2015,CCZ05,"1,322794585","0,2756755992","20,8",Desocupadas
2015,CCZ05,"2,009630235","0,3072629661","15,3",Actividades del hogar
2015,CCZ05,"0,5560098119","0,1803264996","32,4",Estudiante
2015,CCZ05,"28,45643681","1,117773033","3,9","Rentista, Jubilada o Pensionista"
2015,CCZ05,"0,3107113655","0,1460441299",47,Otra
2016,CCZ05,"65,03552504","1,339415062","2,1",Ocupadas
2016,CCZ05,"1,639092876","0,3364465955","20,5",Desocupadas
2016,CCZ05,"2,061644886","0,3013336126","14,6",Actividades del hogar
2016,CCZ05,"0,664497112","0,1641245943","24,7",Estudiante
2016,CCZ05,"30,27380689","1,283557676","4,2","Rentista, Jubilada o Pensionista"
2016,CCZ05,"0,325433201","0,1123284321","34,5",Otra
2017,CCZ05,"65,51060417","1,133935369","1,7",Ocupadas
2017,CCZ05,"2,227766886","0,3656839313","16,4",Desocupadas
2017,CCZ05,"2,446979148","0,3368050159","13,8",Actividades del hogar
2017,CCZ05,"0,6112992336","0,1867562372","30,6",Estudiante
2017,CCZ05,"28,93601854","1,126130855","3,9","Rentista, Jubilada o Pensionista"
2017,CCZ05,"0,2673320264","0,1064512445","39,8",Otra
2018,CCZ05,"67,48042779","1,049548894","1,6",Ocupadas
2018,CCZ05,"2,140710192","0,335212556","15,7",Desocupadas
2018,CCZ05,"1,758003635","0,2833805168","16,1",Actividades del hogar
2018,CCZ05,"0,5207605201","0,171216798","32,9",Estudiante
2018,CCZ05,"27,95854886","1,006156701","3,6","Rentista, Jubilada o Pensionista"
2018,CCZ05,"0,1415490004","0,08138964938","57,5",Otra
2019,CCZ05,"65,40700697","1,142859221","1,7",Ocupadas
2019,CCZ05,"1,87822712","0,3349049212","17,8",Desocupadas
2019,CCZ05,"2,728973906","0,4097421024",15,Actividades del hogar
2019,CCZ05,"0,6462903282","0,2039334589","31,6",Estudiante
2019,CCZ05,"29,261531","1,111839058","3,8","Rentista, Jubilada o Pensionista"
2019,CCZ05,"0,07797068302","0,05523455427","70,8",Otra
2022,CCZ05,"64,34518769","1,777773142","2,8",Ocupadas
2022,CCZ05,"1,245413491","0,3588228983","28,8",Desocupadas
2022,CCZ05,"2,302074513","0,4401325929","19,1",Actividades del hogar
2022,CCZ05,"0,7091447925","0,267687915","37,7",Estudiante
2022,CCZ05,"31,20060683","1,605027664","5,1","Rentista, Jubilada o Pensionista"
2022,CCZ05,"0,1975726785","0,1118750677","56,6",Otra
2009,CCZ06,"66,45980661","1,669224976","2,5",Ocupadas
2009,CCZ06,"1,760715832","0,456979388",26,Desocupadas
2009,CCZ06,"2,929715688","0,5991698989","20,5",Actividades del hogar
2009,CCZ06,"0,02886419397","0,02880132858","99,8",Estudiante
2009,CCZ06,"28,82089768","1,605525922","5,6","Rentista, Jubilada o Pensionista"
2009,CCZ06,0,0,,Otra
2010,CCZ06,"63,88286334","2,065827218","3,2",Ocupadas
2010,CCZ06,"1,66462322","0,5206955367","31,3",Desocupadas
2010,CCZ06,"2,018296708","0,5070210291","25,1",Actividades del hogar
2010,CCZ06,"0,2263510327","0,1699543764","75,1",Estudiante
2010,CCZ06,"32,00037725","1,96995811","6,2","Rentista, Jubilada o Pensionista"
2010,CCZ06,"0,2074884467","0,1661864492","80,1",Otra
2011,CCZ06,"67,88305591","1,817507891","2,7",Ocupadas
2011,CCZ06,"1,600512164","0,479461103",30,Desocupadas
2011,CCZ06,"2,488262911","0,5278556253","21,2",Actividades del hogar
2011,CCZ06,0,0,,Estudiante
2011,CCZ06,"27,84464362","1,692273056","6,1","Rentista, Jubilada o Pensionista"
2011,CCZ06,"0,1835253948","0,1471529358","80,2",Otra
2012,CCZ06,"64,06665485","1,643822745","2,6",Ocupadas
2012,CCZ06,"1,630916504","0,4462171489","27,4",Desocupadas
2012,CCZ06,"3,000354547","0,5902894245","19,7",Actividades del hogar
2012,CCZ06,"0,4298883177","0,2181142347","50,7",Estudiante
2012,CCZ06,"30,75695799","1,620760188","5,3","Rentista, Jubilada o Pensionista"
2012,CCZ06,"0,1152277965","0,1150450383","99,8",Otra
2013,CCZ06,"64,37055701","1,649836639","2,6",Ocupadas
2013,CCZ06,"1,529739944","0,5256078545","34,4",Desocupadas
2013,CCZ06,"3,13146765","0,6094449832","19,5",Actividades del hogar
2013,CCZ06,"0,1799694052","0,1779271785","98,9",Estudiante
2013,CCZ06,"30,37433636","1,588905533","5,2","Rentista, Jubilada o Pensionista"
2013,CCZ06,"0,413929632","0,2360602487",57,Otra
2014,CCZ06,"65,7449089","1,844957579","2,8",Ocupadas
2014,CCZ06,"1,277599143","0,3746716691","29,3",Desocupadas
2014,CCZ06,"3,421221865","0,709627999","20,7",Actividades del hogar
2014,CCZ06,"0,5530546624","0,271063158",49,Estudiante
2014,CCZ06,"28,79314041","1,63979857","5,7","Rentista, Jubilada o Pensionista"
2014,CCZ06,"0,2100750268","0,1478389117","70,4",Otra
2015,CCZ06,"62,71847885","1,732880641","2,8",Ocupadas
2015,CCZ06,"1,963714867","0,5178447143","26,4",Desocupadas
2015,CCZ06,"2,275086146","0,5013476163",22,Actividades del hogar
2015,CCZ06,"0,2698551086","0,1894869858","70,2",Estudiante
2015,CCZ06,"32,52376801","1,73386538","5,3","Rentista, Jubilada o Pensionista"
2015,CCZ06,"0,2490970233","0,1770748839","71,1",Otra
2016,CCZ06,"66,45016868","1,345094473",2,Ocupadas
2016,CCZ06,"1,693098338","0,3704371625","21,9",Desocupadas
2016,CCZ06,"2,44663745","0,5299099871","21,7",Actividades del hogar
2016,CCZ06,"0,2806066147","0,1565324885","55,8",Estudiante
2016,CCZ06,"28,40432576","1,155559972","4,1","Rentista, Jubilada o Pensionista"
2016,CCZ06,"0,7251631617","0,2332685294","32,2",Otra
2017,CCZ06,"62,97249631","1,802830769","2,9",Ocupadas
2017,CCZ06,"2,655035988","0,6629371343",25,Desocupadas
2017,CCZ06,"3,713237047","0,7962954713","21,4",Actividades del hogar
2017,CCZ06,"0,1573001573","0,1571453411","99,9",Estudiante
2017,CCZ06,"30,01096334","1,531276806","5,1","Rentista, Jubilada o Pensionista"
2017,CCZ06,"0,4909671576","0,281777199","57,4",Otra
2018,CCZ06,"62,06297323","1,6127829","2,6",Ocupadas
2018,CCZ06,"2,259092226","0,5414700037",24,Desocupadas
2018,CCZ06,"1,57639952","0,4417316558",28,Actividades del hogar
2018,CCZ06,"0,173776325","0,1736309394","99,9",Estudiante
2018,CCZ06,"33,9277587","1,666199364","4,9","Rentista, Jubilada o Pensionista"
2018,CCZ06,0,0,,Otra
2019,CCZ06,"60,90070019","1,725185252","2,8",Ocupadas
2019,CCZ06,"2,486473584","0,6713342264",27,Desocupadas
2019,CCZ06,"4,165340547","0,8729607771",21,Actividades del hogar
2019,CCZ06,"0,3182686187","0,2209348235","69,4",Estudiante
2019,CCZ06,"31,78309994","1,587119459",5,"Rentista, Jubilada o Pensionista"
2019,CCZ06,"0,3461171229","0,2431435059","70,2",Otra
2022,CCZ06,"60,41059603","2,846843697","4,7",Ocupadas
2022,CCZ06,"1,452538631","0,6540257619",45,Desocupadas
2022,CCZ06,"4,030905077","1,166881796","28,9",Actividades del hogar
2022,CCZ06,"0,7814569536","0,4858248446","62,2",Estudiante
2022,CCZ06,"33,32450331","2,596184009","7,8","Rentista, Jubilada o Pensionista"
2022,CCZ06,0,0,,Otra
2009,CCZ07,"68,36311051","1,759069867","2,6",Ocupadas
2009,CCZ07,"1,142883799","0,352068269","30,8",Desocupadas
2009,CCZ07,"1,581377991","0,431457177","27,3",Actividades del hogar
2009,CCZ07,"0,4338293605","0,2338618949","53,9",Estudiante
2009,CCZ07,"28,25488641","1,727516846","6,1","Rentista, Jubilada o Pensionista"
2009,CCZ07,"0,223911928","0,131864993","58,9",Otra
2010,CCZ07,"60,41463038","1,994301438","3,3",Ocupadas
2010,CCZ07,"2,068007614","0,5258042604","25,4",Desocupadas
2010,CCZ07,"2,448685632","0,6851663216",28,Actividades del hogar
2010,CCZ07,"0,1028859509","0,07248350509","70,5",Estudiante
2010,CCZ07,"34,53881372","1,806439024","5,2","Rentista, Jubilada o Pensionista"
2010,CCZ07,"0,4269766963","0,2107427577","49,4",Otra
2011,CCZ07,"65,84731193","1,757880372","2,7",Ocupadas
2011,CCZ07,"1,603085358","0,4727561744","29,5",Desocupadas
2011,CCZ07,"1,649551601","0,4489770747","27,2",Actividades del hogar
2011,CCZ07,"0,1301054784","0,1287938793",99,Estudiante
2011,CCZ07,"30,5143813","1,680394249","5,5","Rentista, Jubilada o Pensionista"
2011,CCZ07,"0,2555643325","0,1794756062","70,2",Otra
2012,CCZ07,"65,80537927","1,805889148","2,7",Ocupadas
2012,CCZ07,"2,135589806","0,6014393399","28,2",Desocupadas
2012,CCZ07,"1,858567543","0,4670938953","25,1",Actividades del hogar
2012,CCZ07,"0,2971693362","0,2087811803","70,3",Estudiante
2012,CCZ07,"29,74211746","1,79083186",6,"Rentista, Jubilada o Pensionista"
2012,CCZ07,"0,1611765891","0,1608177446","99,8",Otra
2013,CCZ07,"64,36742276","1,960710213",3,Ocupadas
2013,CCZ07,"1,798983183","0,4624649898","25,7",Desocupadas
2013,CCZ07,"3,040672663","0,7288087416",24,Actividades del hogar
2013,CCZ07,"0,1466562378","0,146356738","99,8",Estudiante
2013,CCZ07,"30,41650372","1,808245695","5,9","Rentista, Jubilada o Pensionista"
2013,CCZ07,"0,2297614392","0,161223131","70,2",Otra
2014,CCZ07,"65,8560631","1,857394658","2,8",Ocupadas
2014,CCZ07,"1,229989202","0,3894017424","31,7",Desocupadas
2014,CCZ07,"2,71348763","0,6089296746","22,4",Actividades del hogar
2014,CCZ07,"0,1502276888","0,1500263075","99,9",Estudiante
2014,CCZ07,"29,80141777","1,750317647","5,9","Rentista, Jubilada o Pensionista"
2014,CCZ07,"0,2488146096","0,1762408609","70,8",Otra
2015,CCZ07,"66,48001102","1,733929676","2,6",Ocupadas
2015,CCZ07,"1,450406206","0,4131155321","28,5",Desocupadas
2015,CCZ07,"1,409097168","0,4107830461","29,2",Actividades del hogar
2015,CCZ07,0,0,,Estudiante
2015,CCZ07,"30,51360903","1,704828339","5,6","Rentista, Jubilada o Pensionista"
2015,CCZ07,"0,1468765778","0,1465756482","99,8",Otra
2016,CCZ07,"64,63320859","1,973325872","3,1",Ocupadas
2016,CCZ07,"1,809606808","0,5954294415","32,9",Desocupadas
2016,CCZ07,"1,917260471","0,3974449665","20,7",Actividades del hogar
2016,CCZ07,"0,487004665","0,2656311288","54,5",Estudiante
2016,CCZ07,"30,99400215","2,021058892","6,5","Rentista, Jubilada o Pensionista"
2016,CCZ07,"0,1589173117","0,1607571635","101,2",Otra
2017,CCZ07,"65,6511014","1,613691681","2,5",Ocupadas
2017,CCZ07,"1,242047864","0,3672027533","29,6",Desocupadas
2017,CCZ07,"2,648548059","0,5787384243","21,9",Actividades del hogar
2017,CCZ07,0,0,,Estudiante
2017,CCZ07,"30,22027957","1,486604851","4,9","Rentista, Jubilada o Pensionista"
2017,CCZ07,"0,2380231099","0,1695338797","71,2",Otra
2018,CCZ07,"65,56369653","1,759904633","2,7",Ocupadas
2018,CCZ07,"2,127156701","0,5173347374","24,3",Desocupadas
2018,CCZ07,"1,4496179","0,3585030649","24,7",Actividades del hogar
2018,CCZ07,"0,1378712676","0,1358026459","98,5",Estudiante
2018,CCZ07,"30,63499567","1,740547817","5,7","Rentista, Jubilada o Pensionista"
2018,CCZ07,"0,08666193965","0,08566613795","98,9",Otra
2019,CCZ07,"62,53001076","1,775399765","2,8",Ocupadas
2019,CCZ07,"1,957943538","0,4845652812","24,7",Desocupadas
2019,CCZ07,"3,443993708","0,6728421422","19,5",Actividades del hogar
2019,CCZ07,"0,1697160361","0,1673420164","98,6",Estudiante
2019,CCZ07,"31,6168557","1,522794718","4,8","Rentista, Jubilada o Pensionista"
2019,CCZ07,"0,281480255","0,1976445453","70,2",Otra
2022,CCZ07,"58,89106927","3,233625532","5,5",Ocupadas
2022,CCZ07,"2,217026429","0,7513362339","33,9",Desocupadas
2022,CCZ07,"3,941380318","1,03595048","26,3",Actividades del hogar
2022,CCZ07,"0,4425702476","0,3290354644","74,3",Estudiante
2022,CCZ07,"34,50795374","3,064360198","8,9","Rentista, Jubilada o Pensionista"
2022,CCZ07,0,0,,Otra
2009,CCZ08,"65,18966465","2,08599991","3,2",Ocupadas
2009,CCZ08,"2,352941176","0,6273057466","26,7",Desocupadas
2009,CCZ08,"3,287520616","0,7823330672","23,8",Actividades del hogar
2009,CCZ08,"0,1759208356","0,1754121454","99,7",Estudiante
2009,CCZ08,"28,64211105","1,940327139","6,8","Rentista, Jubilada o Pensionista"
2009,CCZ08,"0,3518416712","0,2473363884","70,3",Otra
2010,CCZ08,"68,66936504","1,924086219","2,8",Ocupadas
2010,CCZ08,"0,885403491","0,375123981","42,4",Desocupadas
2010,CCZ08,"2,200860106","0,8150048159",37,Actividades del hogar
2010,CCZ08,"0,2087022515","0,2075609466","99,5",Estudiante
2010,CCZ08,"26,96686061","1,87094822","6,9","Rentista, Jubilada o Pensionista"
2010,CCZ08,"1,0688085","0,498937858","46,7",Otra
2011,CCZ08,"70,86760925","1,919582809","2,7",Ocupadas
2011,CCZ08,"1,748071979","0,6034910842","34,5",Desocupadas
2011,CCZ08,"2,480719794","0,5981694031","24,1",Actividades del hogar
2011,CCZ08,"0,1413881748","0,1417800675","100,3",Estudiante
2011,CCZ08,"24,42802057","1,808708867","7,4","Rentista, Jubilada o Pensionista"
2011,CCZ08,"0,3341902314","0,237762538","71,1",Otra
2012,CCZ08,"67,05802151","2,215568001","3,3",Ocupadas
2012,CCZ08,"2,249659143","0,6795881617","30,2",Desocupadas
2012,CCZ08,"3,151037722","0,828722221","26,3",Actividades del hogar
2012,CCZ08,0,0,,Estudiante
2012,CCZ08,"27,20799879","2,114840738","7,8","Rentista, Jubilada o Pensionista"
2012,CCZ08,"0,3332828359","0,2363673423","70,9",Otra
2013,CCZ08,"64,48519406","2,07919605","3,2",Ocupadas
2013,CCZ08,"1,775416316","0,6907670414","38,9",Desocupadas
2013,CCZ08,"5,546556081","1,085029289","19,6",Actividades del hogar
2013,CCZ08,"0,2073478909","0,201603231","97,2",Estudiante
2013,CCZ08,"27,09777749","1,918456169","7,1","Rentista, Jubilada o Pensionista"
2013,CCZ08,"0,8877081578","0,3888895409","43,8",Otra
2014,CCZ08,"69,61729075","1,763949962","2,5",Ocupadas
2014,CCZ08,"1,445484581","0,6497216387","44,9",Desocupadas
2014,CCZ08,"2,33342511","0,6592370048","28,3",Actividades del hogar
2014,CCZ08,"0,2753303965","0,2714933945","98,6",Estudiante
2014,CCZ08,"26,13573789","1,785906404","6,8","Rentista, Jubilada o Pensionista"
2014,CCZ08,"0,1927312775","0,1902874123","98,7",Otra
2015,CCZ08,"66,69002867","2,125134587","3,2",Ocupadas
2015,CCZ08,"1,752150366","0,5811062508","33,2",Desocupadas
2015,CCZ08,"2,376553042","0,7026808207","29,6",Actividades del hogar
2015,CCZ08,"0,5798024849","0,3327611016","57,4",Estudiante
2015,CCZ08,"27,88786238","1,990780951","7,1","Rentista, Jubilada o Pensionista"
2015,CCZ08,"0,7136030583","0,3573406654","50,1",Otra
2016,CCZ08,"65,4386322","2,639546024",4,Ocupadas
2016,CCZ08,"2,971707714","0,8639250214","29,1",Desocupadas
2016,CCZ08,"3,429676369","0,8768819652","25,6",Actividades del hogar
2016,CCZ08,0,0,,Estudiante
2016,CCZ08,"27,54935884","2,032450157","7,4","Rentista, Jubilada o Pensionista"
2016,CCZ08,"0,6106248728","0,4200638853","68,8",Otra
2017,CCZ08,"68,03158281","2,377291072","3,5",Ocupadas
2017,CCZ08,"2,423797282","0,6883700203","28,4",Desocupadas
2017,CCZ08,"2,325866079","0,6504258586",28,Actividades del hogar
2017,CCZ08,0,0,,Estudiante
2017,CCZ08,"26,68625291","2,271037967","8,5","Rentista, Jubilada o Pensionista"
2017,CCZ08,"0,5325009181","0,2720135482","51,1",Otra
2018,CCZ08,"61,36921133","2,302788994","3,8",Ocupadas
2018,CCZ08,"2,111053297","0,630563628","29,9",Desocupadas
2018,CCZ08,"5,441165539","1,003212139","18,4",Actividades del hogar
2018,CCZ08,0,0,,Estudiante
2018,CCZ08,"30,78867167","2,157047453",7,"Rentista, Jubilada o Pensionista"
2018,CCZ08,"0,289898164","0,2088557192",72,Otra
2019,CCZ08,"60,41110302","2,309884905","3,8",Ocupadas
2019,CCZ08,"3,973456341","1,116025425","28,1",Desocupadas
2019,CCZ08,"5,583879582","1,098897798","19,7",Actividades del hogar
2019,CCZ08,0,0,,Estudiante
2019,CCZ08,"30,03156106","1,90271601","6,3","Rentista, Jubilada o Pensionista"
2019,CCZ08,0,0,,Otra
2022,CCZ08,"67,26932668","2,751745325","4,1",Ocupadas
2022,CCZ08,"1,925741203","0,8719161784","45,3",Desocupadas
2022,CCZ08,"5,368523137","1,632707546","30,4",Actividades del hogar
2022,CCZ08,"0,187032419","0,1965936428","105,1",Estudiante
2022,CCZ08,"24,92380161","2,714062795","10,9","Rentista, Jubilada o Pensionista"
2022,CCZ08,"0,3255749515","0,3283708553","100,9",Otra
2009,CCZ09,"68,15833746","1,059908963","1,6",Ocupadas
2009,CCZ09,"2,723404255","0,3499760473","12,9",Desocupadas
2009,CCZ09,"4,870856012","0,5012114026","10,3",Actividades del hogar
2009,CCZ09,"0,1563582385","0,09033740308","57,8",Estudiante
2009,CCZ09,"23,63384463","0,9798961622","4,1","Rentista, Jubilada o Pensionista"
2009,CCZ09,"0,4571994062","0,1423392952","31,1",Otra
2010,CCZ09,"70,61556791","1,092964727","1,5",Ocupadas
2010,CCZ09,"2,944797458","0,3779777509","12,8",Desocupadas
2010,CCZ09,"3,397537728","0,434458288","12,8",Actividades del hogar
2010,CCZ09,"0,05758538523","0,05749846104","99,8",Estudiante
2010,CCZ09,"22,45432883","1,037043655","4,6","Rentista, Jubilada o Pensionista"
2010,CCZ09,"0,5301826847","0,1659635844","31,3",Otra
2011,CCZ09,"69,39691715","1,107984097","1,6",Ocupadas
2011,CCZ09,"2,420038536","0,3823366754","15,8",Desocupadas
2011,CCZ09,"4,766859345","0,4975353014","10,4",Actividades del hogar
2011,CCZ09,"0,05009633911","0,04985052609","99,5",Estudiante
2011,CCZ09,"22,91907514","1,008630384","4,4","Rentista, Jubilada o Pensionista"
2011,CCZ09,"0,4470134875","0,1528554945","34,2",Otra
2012,CCZ09,"71,74546269","1,027201843","1,4",Ocupadas
2012,CCZ09,"2,210770035","0,3564678229","16,1",Desocupadas
2012,CCZ09,"4,537306744","0,4774323966","10,5",Actividades del hogar
2012,CCZ09,"0,05975054149","0,0596580722","99,8",Estudiante
2012,CCZ09,"21,03965942","0,9771351521","4,6","Rentista, Jubilada o Pensionista"
2012,CCZ09,"0,4070505639","0,1485354919","36,5",Otra
2013,CCZ09,"66,97002236","1,034005126","1,5",Ocupadas
2013,CCZ09,"2,494323083","0,3614031368","14,5",Desocupadas
2013,CCZ09,"5,856466405","0,5649376873","9,6",Actividades del hogar
2013,CCZ09,"0,05632910278","0,0562825694","99,9",Estudiante
2013,CCZ09,"24,37113838","0,9507225392","3,9","Rentista, Jubilada o Pensionista"
2013,CCZ09,"0,2517206781","0,1118353124","44,4",Otra
2014,CCZ09,"68,27528184","1,061683785","1,6",Ocupadas
2014,CCZ09,"2,707386842","0,3629916752","13,4",Desocupadas
2014,CCZ09,"5,731112233","0,5455821827","9,5",Actividades del hogar
2014,CCZ09,"0,1598519266","0,09262849108","57,9",Estudiante
2014,CCZ09,"22,68551237","0,9594786407","4,2","Rentista, Jubilada o Pensionista"
2014,CCZ09,"0,4408547871","0,145265741",33,Otra
2015,CCZ09,"65,98490214","1,079681174","1,6",Ocupadas
2015,CCZ09,"3,389244934","0,4681459326","13,8",Desocupadas
2015,CCZ09,"5,363713313","0,5353689603",10,Actividades del hogar
2015,CCZ09,"0,157197395","0,09064406605","57,7",Estudiante
2015,CCZ09,"24,28786125","1,034192227","4,3","Rentista, Jubilada o Pensionista"
2015,CCZ09,"0,8170809653","0,2066285615","25,3",Otra
2016,CCZ09,"65,02436745","1,203640129","1,9",Ocupadas
2016,CCZ09,"4,217571266","0,4990338242","11,8",Desocupadas
2016,CCZ09,"5,122171039","0,5508537725","10,8",Actividades del hogar
2016,CCZ09,"0,3838707524","0,1432401008","37,3",Estudiante
2016,CCZ09,"24,68622739","1,302677167","5,3","Rentista, Jubilada o Pensionista"
2016,CCZ09,"0,565792109","0,1666787277","29,5",Otra
2017,CCZ09,"63,46855699","1,163721906","1,8",Ocupadas
2017,CCZ09,"4,883141494","0,5457926453","11,2",Desocupadas
2017,CCZ09,"5,367419989","0,5557469433","10,4",Actividades del hogar
2017,CCZ09,"0,07018528916","0,06969282289","99,3",Estudiante
2017,CCZ09,"25,79660303","1,075803523","4,2","Rentista, Jubilada o Pensionista"
2017,CCZ09,"0,4140932061","0,1540985993","37,2",Otra
2018,CCZ09,"62,3438303","1,230134412",2,Ocupadas
2018,CCZ09,"3,680731539","0,4887412955","13,3",Desocupadas
2018,CCZ09,"6,053624909","0,6233766529","10,3",Actividades del hogar
2018,CCZ09,"0,2232894434","0,1283390601","57,5",Estudiante
2018,CCZ09,"27,35472895","1,107720388",4,"Rentista, Jubilada o Pensionista"
2018,CCZ09,"0,3437948573","0,1573532075","45,8",Otra
2019,CCZ09,"63,09064856","1,189271713","1,9",Ocupadas
2019,CCZ09,"4,506840435","0,5406233912",12,Desocupadas
2019,CCZ09,"7,840060046","0,7415602061","9,5",Actividades del hogar
2019,CCZ09,"0,06823376889","0,06811688741","99,8",Estudiante
2019,CCZ09,"23,83746716","1,035529503","4,3","Rentista, Jubilada o Pensionista"
2019,CCZ09,"0,6567500256","0,2187976221","33,3",Otra
2022,CCZ09,"60,65387466","1,657189176","2,7",Ocupadas
2022,CCZ09,"4,112657498","0,7187179501","17,5",Desocupadas
2022,CCZ09,"7,694968294","0,939866707","12,2",Actividades del hogar
2022,CCZ09,"0,2865848637","0,1655467253","57,8",Estudiante
2022,CCZ09,"26,86815449","1,763630072","6,6","Rentista, Jubilada o Pensionista"
2022,CCZ09,"0,3837601911","0,2182116777","56,9",Otra
2009,CCZ10,"71,62976457","1,777366363","2,5",Ocupadas
2009,CCZ10,"3,286154709","0,7400871258","22,5",Desocupadas
2009,CCZ10,"2,872757848","0,6243055154","21,7",Actividades del hogar
2009,CCZ10,0,0,,Estudiante
2009,CCZ10,"21,95908072","1,673497019","7,6","Rentista, Jubilada o Pensionista"
2009,CCZ10,"0,2522421525","0,1871274744","74,2",Otra
2010,CCZ10,"68,59676176","2,023001721","2,9",Ocupadas
2010,CCZ10,"2,898997687","0,7360275204","25,4",Desocupadas
2010,CCZ10,"5,381649961","0,9205690468","17,1",Actividades del hogar
2010,CCZ10,"0,2313030069","0,2303348331","99,6",Estudiante
2010,CCZ10,"22,10485736","1,84701058","8,4","Rentista, Jubilada o Pensionista"
2010,CCZ10,"0,7864302236","0,3997855465","50,8",Otra
2011,CCZ10,"68,69313774","1,737314413","2,5",Ocupadas
2011,CCZ10,"2,976232456","0,7453398427",25,Desocupadas
2011,CCZ10,"5,881938077","1,07460588","18,3",Actividades del hogar
2011,CCZ10,0,0,,Estudiante
2011,CCZ10,"22,01847803","1,611518023","7,3","Rentista, Jubilada o Pensionista"
2011,CCZ10,"0,4302136963","0,297117047","69,1",Otra
2012,CCZ10,"70,22476023","2,104759031",3,Ocupadas
2012,CCZ10,"2,628303683","0,7323070284","27,9",Desocupadas
2012,CCZ10,"5,124826122","1,028996693","20,1",Actividades del hogar
2012,CCZ10,0,0,,Estudiante
2012,CCZ10,"21,89032872","1,946451815","8,9","Rentista, Jubilada o Pensionista"
2012,CCZ10,"0,1317812431","0,1316644219","99,9",Otra
2013,CCZ10,"68,74149239","1,822335566","2,7",Ocupadas
2013,CCZ10,"3,217423586","0,6506190936","20,2",Desocupadas
2013,CCZ10,"6,057418636","0,8379101295","13,8",Actividades del hogar
2013,CCZ10,"0,2103700037","0,2097761453","99,7",Estudiante
2013,CCZ10,"21,40824155","1,565708173","7,3","Rentista, Jubilada o Pensionista"
2013,CCZ10,"0,36505383","0,2582042254","70,7",Otra
2014,CCZ10,"69,11730546","1,738844177","2,5",Ocupadas
2014,CCZ10,"2,915214866","0,6534266032","22,4",Desocupadas
2014,CCZ10,"5,354239257","0,9129159708","17,1",Actividades del hogar
2014,CCZ10,"0,5632984901","0,3193936429","56,7",Estudiante
2014,CCZ10,"21,92799071","1,628172084","7,4","Rentista, Jubilada o Pensionista"
2014,CCZ10,"0,1219512195","0,1205213653","98,8",Otra
2015,CCZ10,"68,35845997","2,104687961","3,1",Ocupadas
2015,CCZ10,"3,285482612","0,8035912628","24,5",Desocupadas
2015,CCZ10,"5,129437203","1,106549351","21,6",Actividades del hogar
2015,CCZ10,"0,216229203","0,2157716193","99,8",Estudiante
2015,CCZ10,"22,40975434","1,911255758","8,5","Rentista, Jubilada o Pensionista"
2015,CCZ10,"0,6006366749","0,3431579913","57,1",Otra
2016,CCZ10,"66,00863664","1,979056444",3,Ocupadas
2016,CCZ10,"4,262239919","0,8495139543","19,9",Desocupadas
2016,CCZ10,"5,501654422","0,8381108779","15,2",Actividades del hogar
2016,CCZ10,0,0,,Estudiante
2016,CCZ10,"23,54326734","2,227039121","9,5","Rentista, Jubilada o Pensionista"
2016,CCZ10,"0,6842016712","0,2915843988","42,6",Otra
2017,CCZ10,"62,99925577","2,414700663","3,8",Ocupadas
2017,CCZ10,"4,905730588","0,9955419078","20,3",Desocupadas
2017,CCZ10,"6,177127264","1,036753748","16,8",Actividades del hogar
2017,CCZ10,"0,2170677251","0,2141823838","98,7",Estudiante
2017,CCZ10,"25,30389482","1,99852677","7,9","Rentista, Jubilada o Pensionista"
2017,CCZ10,"0,3969238402","0,2811849243","70,8",Otra
2018,CCZ10,"63,0239899","2,297676352","3,6",Ocupadas
2018,CCZ10,"3,914141414","0,9373610255","23,9",Desocupadas
2018,CCZ10,"6,553030303","1,290242202","19,7",Actividades del hogar
2018,CCZ10,"0,2525252525","0,2514787334","99,6",Estudiante
2018,CCZ10,"25,7260101","1,972633451","7,7","Rentista, Jubilada o Pensionista"
2018,CCZ10,"0,5303030303","0,3747133336","70,7",Otra
2019,CCZ10,"61,53745588","2,497940567","4,1",Ocupadas
2019,CCZ10,"2,405543208","0,7358509708","30,6",Desocupadas
2019,CCZ10,"7,47156491","1,297985587","17,4",Actividades del hogar
2019,CCZ10,0,0,,Estudiante
2019,CCZ10,"28,585436","2,498795374","8,7","Rentista, Jubilada o Pensionista"
2019,CCZ10,0,0,,Otra
2022,CCZ10,"61,26157011","2,513595876","4,1",Ocupadas
2022,CCZ10,"5,207023959","1,131722487","21,7",Desocupadas
2022,CCZ10,"10,93589304","1,579902115","14,4",Actividades del hogar
2022,CCZ10,0,0,,Estudiante
2022,CCZ10,"21,74608616","2,530876631","11,6","Rentista, Jubilada o Pensionista"
2022,CCZ10,"0,8494267322","0,5238355321","61,7",Otra
2009,CCZ11,"69,21356438","1,175878767","1,7",Ocupadas
2009,CCZ11,"2,451257258","0,3816388955","15,6",Desocupadas
2009,CCZ11,"3,666719382","0,4428979756","12,1",Actividades del hogar
2009,CCZ11,"0,06551747509","0,06544879443","99,9",Estudiante
2009,CCZ11,"24,17142986","1,087458679","4,5","Rentista, Jubilada o Pensionista"
2009,CCZ11,"0,4315116463","0,1537487179","35,6",Otra
2010,CCZ11,"68,78110978","1,266607984","1,8",Ocupadas
2010,CCZ11,"3,236642719","0,4758994216","14,7",Desocupadas
2010,CCZ11,"3,413186867","0,4991975104","14,6",Actividades del hogar
2010,CCZ11,"0,1937081627","0,1148644691","59,3",Estudiante
2010,CCZ11,"23,70350391","1,229597444","5,2","Rentista, Jubilada o Pensionista"
2010,CCZ11,"0,6718485644","0,2367309433","35,2",Otra
2011,CCZ11,"67,16240876","1,185696677","1,8",Ocupadas
2011,CCZ11,"2,570711679","0,4212017338","16,4",Desocupadas
2011,CCZ11,"4,662408759","0,5199053296","11,2",Actividades del hogar
2011,CCZ11,"0,200729927","0,1160394094","57,8",Estudiante
2011,CCZ11,"25,00456204","1,146216054","4,6","Rentista, Jubilada o Pensionista"
2011,CCZ11,"0,3991788321","0,1609140408","40,3",Otra
2012,CCZ11,"68,50988479","1,21269465","1,8",Ocupadas
2012,CCZ11,"2,898193392","0,4809174135","16,6",Desocupadas
2012,CCZ11,"4,881875644","0,5259849319","10,8",Actividades del hogar
2012,CCZ11,"0,1300040346","0,09270999014","71,3",Estudiante
2012,CCZ11,"23,30658538","1,126151455","4,8","Rentista, Jubilada o Pensionista"
2012,CCZ11,"0,2734567625","0,1306915176","47,8",Otra
2013,CCZ11,"66,98300313","1,131885986","1,7",Ocupadas
2013,CCZ11,"3,120001706","0,4761519928","15,3",Desocupadas
2013,CCZ11,"5,67486298","0,5998584235","10,6",Actividades del hogar
2013,CCZ11,"0,1364867459","0,09561051227","70,1",Estudiante
2013,CCZ11,"23,76148941","1,073135305","4,5","Rentista, Jubilada o Pensionista"
2013,CCZ11,"0,3241560214","0,1438657067","44,4",Otra
2014,CCZ11,"69,49476964","1,096055555","1,6",Ocupadas
2014,CCZ11,"2,610727799","0,431939835","16,5",Desocupadas
2014,CCZ11,"4,527042065","0,5347129886","11,8",Actividades del hogar
2014,CCZ11,"0,206988649","0,1198074404","57,9",Estudiante
2014,CCZ11,"22,56621411","1,054697192","4,7","Rentista, Jubilada o Pensionista"
2014,CCZ11,"0,5942577343","0,1961456958",33,Otra
2015,CCZ11,"66,43139704","1,179150697","1,8",Ocupadas
2015,CCZ11,"3,345825526","0,44693099","13,4",Desocupadas
2015,CCZ11,"4,584634603","0,5540139264","12,1",Actividades del hogar
2015,CCZ11,"0,1394961482","0,098463499","70,6",Estudiante
2015,CCZ11,"24,91359567","1,092996449","4,4","Rentista, Jubilada o Pensionista"
2015,CCZ11,"0,5850510098","0,1941357697","33,2",Otra
2016,CCZ11,"65,81242748","1,674057547","2,5",Ocupadas
2016,CCZ11,"3,677029568","0,5507183187",15,Desocupadas
2016,CCZ11,"5,159444645","0,6099616354","11,8",Actividades del hogar
2016,CCZ11,"0,2920817829","0,1417934341","48,5",Estudiante
2016,CCZ11,"24,35081823","1,832765022","7,5","Rentista, Jubilada o Pensionista"
2016,CCZ11,"0,7081982955","0,2519549096","35,6",Otra
2017,CCZ11,"66,75388104","1,128221121","1,7",Ocupadas
2017,CCZ11,"2,911021959","0,447073563","15,4",Desocupadas
2017,CCZ11,"4,56421885","0,5880957073","12,9",Actividades del hogar
2017,CCZ11,0,0,,Estudiante
2017,CCZ11,"25,38325872","1,045816519","4,1","Rentista, Jubilada o Pensionista"
2017,CCZ11,"0,3876194352","0,157450557","40,6",Otra
2018,CCZ11,"63,76114082","1,253022196",2,Ocupadas
2018,CCZ11,"4,49593979","0,621643226","13,8",Desocupadas
2018,CCZ11,"5,165379283","0,6125949011","11,9",Actividades del hogar
2018,CCZ11,"0,08318478907","0,08308109615","99,9",Estudiante
2018,CCZ11,"26,22697564","1,211273393","4,6","Rentista, Jubilada o Pensionista"
2018,CCZ11,"0,2673796791","0,1327626006","49,7",Otra
2019,CCZ11,"65,24054161","1,332944088",2,Ocupadas
2019,CCZ11,"3,319536596","0,5373932125","16,2",Desocupadas
2019,CCZ11,"5,357848541","0,6958477299",13,Actividades del hogar
2019,CCZ11,"0,08943613636","0,08946870399",100,Estudiante
2019,CCZ11,"25,86368269","1,241011554","4,8","Rentista, Jubilada o Pensionista"
2019,CCZ11,"0,1289544292","0,09115220544","70,7",Otra
2022,CCZ11,"64,67545088","1,850857204","2,9",Ocupadas
2022,CCZ11,"5,622088204","1,16259426","20,7",Desocupadas
2022,CCZ11,"7,817189242","1,12026799","14,3",Actividades del hogar
2022,CCZ11,0,0,,Estudiante
2022,CCZ11,"21,48798125","1,723535741",8,"Rentista, Jubilada o Pensionista"
2022,CCZ11,"0,3972904222","0,2816729343","70,9",Otra
2009,CCZ12,"70,62474354","1,662656044","2,4",Ocupadas
2009,CCZ12,"1,667008617","0,4528565677","27,2",Desocupadas
2009,CCZ12,"3,241690603","0,6392472488","19,7",Actividades del hogar
2009,CCZ12,0,0,,Estudiante
2009,CCZ12,"24,16393106","1,572474496","6,5","Rentista, Jubilada o Pensionista"
2009,CCZ12,"0,3026261797","0,180622066","59,7",Otra
2010,CCZ12,"70,17413068","2,150214353","3,1",Ocupadas
2010,CCZ12,"2,2684914","0,5587336277","24,6",Desocupadas
2010,CCZ12,"2,902177965","0,6844965102","23,6",Actividades del hogar
2010,CCZ12,0,0,,Estudiante
2010,CCZ12,"24,24516747","1,984432199","8,2","Rentista, Jubilada o Pensionista"
2010,CCZ12,"0,4100324831","0,2102039639","51,3",Otra
2011,CCZ12,"69,33567517","1,640838692","2,4",Ocupadas
2011,CCZ12,"2,035334229","0,568565764","27,9",Desocupadas
2011,CCZ12,"4,504597582","0,8860945802","19,7",Actividades del hogar
2011,CCZ12,"0,2066329166","0,1701836449","82,4",Estudiante
2011,CCZ12,"23,30302717","1,655073506","7,1","Rentista, Jubilada o Pensionista"
2011,CCZ12,"0,614732927","0,3050383374","49,6",Otra
2012,CCZ12,"68,09812122","2,256127711","3,3",Ocupadas
2012,CCZ12,"2,003620248","0,5635780638","28,1",Desocupadas
2012,CCZ12,"5,236876599","0,8538747868","16,3",Actividades del hogar
2012,CCZ12,"0,1810124212","0,1804740371","99,7",Estudiante
2012,CCZ12,"23,95605767","2,096810134","8,8","Rentista, Jubilada o Pensionista"
2012,CCZ12,"0,5243118407","0,3066013753","58,5",Otra
2013,CCZ12,"66,93294207","1,911894964","2,9",Ocupadas
2013,CCZ12,"2,847516574","0,6523203247","22,9",Desocupadas
2013,CCZ12,"5,385284208","1,063626872","19,8",Actividades del hogar
2013,CCZ12,"0,16845995","0,1668728993","99,1",Estudiante
2013,CCZ12,"24,20932507","1,68644102",7,"Rentista, Jubilada o Pensionista"
2013,CCZ12,"0,4564721226","0,2631608431","57,7",Otra
2014,CCZ12,"68,61913735","1,810597175","2,6",Ocupadas
2014,CCZ12,"3,376256281","0,7306610773","21,6",Desocupadas
2014,CCZ12,"3,810720268","0,7053732384","18,5",Actividades del hogar
2014,CCZ12,"0,1884422111","0,1878511055","99,7",Estudiante
2014,CCZ12,"23,70707705","1,698609349","7,2","Rentista, Jubilada o Pensionista"
2014,CCZ12,"0,2983668342","0,2100564246","70,4",Otra
2015,CCZ12,"66,32790385","1,832625464","2,8",Ocupadas
2015,CCZ12,"3,485080514","0,6836306897","19,6",Desocupadas
2015,CCZ12,"3,642860458","0,6811679982","18,7",Actividades del hogar
2015,CCZ12,0,0,,Estudiante
2015,CCZ12,"26,27964175","1,766587118","6,7","Rentista, Jubilada o Pensionista"
2015,CCZ12,"0,2645134345","0,1865293595","70,5",Otra
2016,CCZ12,"64,15684124","1,671623301","2,6",Ocupadas
2016,CCZ12,"3,668768851","0,7565040218","20,6",Desocupadas
2016,CCZ12,"5,226213326","0,8902534149",17,Actividades del hogar
2016,CCZ12,"0,1864546202","0,1778658006","95,4",Estudiante
2016,CCZ12,"26,03783932","1,504071604","5,8","Rentista, Jubilada o Pensionista"
2016,CCZ12,"0,7238826433","0,3334980605","46,1",Otra
2017,CCZ12,"64,91585659","1,929618498",3,Ocupadas
2017,CCZ12,"2,043482805","0,5441110567","26,6",Desocupadas
2017,CCZ12,"6,03114874","1,053043118","17,5",Actividades del hogar
2017,CCZ12,0,0,,Estudiante
2017,CCZ12,"26,8579492","1,818584326","6,8","Rentista, Jubilada o Pensionista"
2017,CCZ12,"0,1515626633","0,1512425381","99,8",Otra
2018,CCZ12,"62,5102459","1,960157896","3,1",Ocupadas
2018,CCZ12,"2,633196721","0,6685671483","25,4",Desocupadas
2018,CCZ12,"4,989754098","1,045610877",21,Actividades del hogar
2018,CCZ12,"0,6198770492","0,357241367","57,6",Estudiante
2018,CCZ12,"28,69364754","1,833487667","6,4","Rentista, Jubilada o Pensionista"
2018,CCZ12,"0,5532786885","0,3194027001","57,7",Otra
2019,CCZ12,"65,72612249","1,862016756","2,8",Ocupadas
2019,CCZ12,"2,821632516","0,769119439","27,3",Desocupadas
2019,CCZ12,"4,736311723","0,9234895362","19,5",Actividades del hogar
2019,CCZ12,"0,3862949278","0,2681670041","69,4",Estudiante
2019,CCZ12,"25,99372971","1,77014992","6,8","Rentista, Jubilada o Pensionista"
2019,CCZ12,"0,3359086329","0,2359043291","70,2",Otra
2022,CCZ12,"58,98182501","2,350429478",4,Ocupadas
2022,CCZ12,"2,902362279","1,026199287","35,4",Desocupadas
2022,CCZ12,"7,880524116","1,40199518","17,8",Actividades del hogar
2022,CCZ12,"0,7889916874","0,5500435872","69,7",Estudiante
2022,CCZ12,"29,44629691","2,250177241","7,6","Rentista, Jubilada o Pensionista"
2022,CCZ12,0,0,,Otra
2009,CCZ13,"64,5534819","1,420043922","2,2",Ocupadas
2009,CCZ13,"2,868971763","0,5044919004","17,6",Desocupadas
2009,CCZ13,"3,160073746","0,5399210787","17,1",Actividades del hogar
2009,CCZ13,"0,09056506129","0,09043329258","99,9",Estudiante
2009,CCZ13,"28,98728855","1,356785951","4,7","Rentista, Jubilada o Pensionista"
2009,CCZ13,"0,3396189798","0,1692698222","49,8",Otra
2010,CCZ13,"69,01974657","1,483903563","2,1",Ocupadas
2010,CCZ13,"2,132244163","0,4690708157",22,Desocupadas
2010,CCZ13,"2,936257799","0,5300123697","18,1",Actividades del hogar
2010,CCZ13,"0,09969769087","0,09944316603","99,7",Estudiante
2010,CCZ13,"25,66411526","1,447651616","5,6","Rentista, Jubilada o Pensionista"
2010,CCZ13,"0,147938509","0,09675574923","65,4",Otra
2011,CCZ13,"70,57429048","1,435414255",2,Ocupadas
2011,CCZ13,"1,549248748","0,4177820269",27,Desocupadas
2011,CCZ13,"3,288814691","0,5576147664",17,Actividades del hogar
2011,CCZ13,"0,1535893155","0,1531888084","99,7",Estudiante
2011,CCZ13,"23,78964942","1,272469688","5,3","Rentista, Jubilada o Pensionista"
2011,CCZ13,"0,6444073456","0,2545427905","39,5",Otra
2012,CCZ13,"64,72172643","1,59075576","2,5",Ocupadas
2012,CCZ13,"2,122343015","0,5531570758","26,1",Desocupadas
2012,CCZ13,"5,094921305","0,7998311751","15,7",Actividades del hogar
2012,CCZ13,0,0,,Estudiante
2012,CCZ13,"27,95067337","1,468585834","5,3","Rentista, Jubilada o Pensionista"
2012,CCZ13,"0,1103358754","0,0800931634","72,6",Otra
2013,CCZ13,"62,60376657","1,435896276","2,3",Ocupadas
2013,CCZ13,"2,403667451","0,4485867923","18,7",Desocupadas
2013,CCZ13,"5,271961343","0,7236382192","13,7",Actividades del hogar
2013,CCZ13,"0,1053153265","0,1052012841","99,9",Estudiante
2013,CCZ13,"29,2590757","1,355179435","4,6","Rentista, Jubilada o Pensionista"
2013,CCZ13,"0,3562136043","0,1766352527","49,6",Otra
2014,CCZ13,"64,85144124","1,427746199","2,2",Ocupadas
2014,CCZ13,"2,042867701","0,4410071141","21,6",Desocupadas
2014,CCZ13,"3,875831486","0,5203999278","13,4",Actividades del hogar
2014,CCZ13,"0,09756097561","0,09748273729","99,9",Estudiante
2014,CCZ13,"28,97265336","1,332530486","4,6","Rentista, Jubilada o Pensionista"
2014,CCZ13,"0,1596452328","0,1129323767","70,7",Otra
2015,CCZ13,"64,99001884","1,405689007","2,2",Ocupadas
2015,CCZ13,"2,724435572","0,4731599663","17,4",Desocupadas
2015,CCZ13,"4,77971153","0,5999833439","12,6",Actividades del hogar
2015,CCZ13,"0,1799420811","0,1267704019","70,5",Estudiante
2015,CCZ13,"26,7467034","1,251670657","4,7","Rentista, Jubilada o Pensionista"
2015,CCZ13,"0,5791885737","0,2173456331","37,5",Otra
2016,CCZ13,"64,95731745","1,74972222","2,7",Ocupadas
2016,CCZ13,"2,140268992","0,4482557206","20,9",Desocupadas
2016,CCZ13,"4,047165756","0,6464739011",16,Actividades del hogar
2016,CCZ13,"0,2057360437","0,1388322884","67,5",Estudiante
2016,CCZ13,"28,55739114","1,934955967","6,8","Rentista, Jubilada o Pensionista"
2016,CCZ13,"0,09212061659","0,09051986877","98,3",Otra
2017,CCZ13,"64,4911147","1,647560074","2,6",Ocupadas
2017,CCZ13,"2,264649728","0,4631317104","20,5",Desocupadas
2017,CCZ13,"4,082831546","0,6418767075","15,7",Actividades del hogar
2017,CCZ13,"0,2937288882","0,1698267581","57,8",Estudiante
2017,CCZ13,"28,25671905","1,576593474","5,6","Rentista, Jubilada o Pensionista"
2017,CCZ13,"0,6109560875","0,2493727911","40,8",Otra
2018,CCZ13,"63,39901195","1,634904221","2,6",Ocupadas
2018,CCZ13,"2,068014706","0,4365258309","21,1",Desocupadas
2018,CCZ13,"4,750689338","0,794856823","16,7",Actividades del hogar
2018,CCZ13,"0,2383961397","0,1684528764","70,7",Estudiante
2018,CCZ13,"29,36293658","1,477447327",5,"Rentista, Jubilada o Pensionista"
2018,CCZ13,"0,1809512868","0,1289141684","71,2",Otra
2019,CCZ13,"60,87985635","1,638742412","2,7",Ocupadas
2019,CCZ13,"3,049842203","0,6284290178","20,6",Desocupadas
2019,CCZ13,"4,810099031","0,7552046571","15,7",Actividades del hogar
2019,CCZ13,"0,08706061595","0,08695932813","99,9",Estudiante
2019,CCZ13,"30,52834911","1,499215387","4,9","Rentista, Jubilada o Pensionista"
2019,CCZ13,"0,6447926869","0,2623599962","40,7",Otra
2022,CCZ13,"63,16433995","1,888399953",3,Ocupadas
2022,CCZ13,"2,997183444","0,7911827812","26,4",Desocupadas
2022,CCZ13,"3,955424933","1,007625775","25,5",Actividades del hogar
2022,CCZ13,"0,2969630174","0,2812142366","94,7",Estudiante
2022,CCZ13,"29,58608866","1,705843754","5,8","Rentista, Jubilada o Pensionista"
2022,CCZ13,0,0,,Otra
2009,CCZ14,"66,5000352","1,496186149","2,2",Ocupadas
2009,CCZ14,"1,496162783","0,3630677707","24,3",Desocupadas
2009,CCZ14,"3,277476589","0,5329270022","16,3",Actividades del hogar
2009,CCZ14,0,0,,Estudiante
2009,CCZ14,"28,3989298","1,439918332","5,1","Rentista, Jubilada o Pensionista"
2009,CCZ14,"0,3273956206","0,1672014756","51,1",Otra
2010,CCZ14,"65,22469551","1,513151744","2,3",Ocupadas
2010,CCZ14,"2,569584972","0,5344545906","20,8",Desocupadas
2010,CCZ14,"2,519949601","0,4866986974","19,3",Actividades del hogar
2010,CCZ14,"0,05727158184","0,05709900169","99,7",Estudiante
2010,CCZ14,"29,34595854","1,60359469","5,5","Rentista, Jubilada o Pensionista"
2010,CCZ14,"0,2825398037","0,1510221993","53,5",Otra
2011,CCZ14,"66,73507722","1,517138493","2,3",Ocupadas
2011,CCZ14,"2,622791151","0,4942169674","18,8",Desocupadas
2011,CCZ14,"4,626408794","0,7145110011","15,4",Actividades del hogar
2011,CCZ14,"0,1321831084","0,1319808653","99,8",Estudiante
2011,CCZ14,"25,54264644","1,360640571","5,3","Rentista, Jubilada o Pensionista"
2011,CCZ14,"0,3408932795","0,1760174985","51,6",Otra
2012,CCZ14,"67,22617142","1,463809982","2,2",Ocupadas
2012,CCZ14,"2,728050914","0,5325356921","19,5",Desocupadas
2012,CCZ14,"3,50217723","0,6599902326","18,8",Actividades del hogar
2012,CCZ14,"0,1823662957","0,1341312489","73,6",Estudiante
2012,CCZ14,"26,06349325","1,398978198","5,4","Rentista, Jubilada o Pensionista"
2012,CCZ14,"0,297740891","0,2155141314","72,4",Otra
2013,CCZ14,"62,08081409","1,427748958","2,3",Ocupadas
2013,CCZ14,"2,696005551","0,5130517789",19,Desocupadas
2013,CCZ14,"6,313807117","0,7458897885","11,8",Actividades del hogar
2013,CCZ14,"0,2213632008","0,1547745597","69,9",Estudiante
2013,CCZ14,"28,25519543","1,279804893","4,5","Rentista, Jubilada o Pensionista"
2013,CCZ14,"0,4328146166","0,192928548","44,6",Otra
2014,CCZ14,"64,55373638","1,442647141","2,2",Ocupadas
2014,CCZ14,"3,554819392","0,5418593367","15,2",Desocupadas
2014,CCZ14,"4,742944512","0,59864816","12,6",Actividades del hogar
2014,CCZ14,"0,2707523731","0,156762681","57,9",Estudiante
2014,CCZ14,"26,44772887","1,44196926","5,5","Rentista, Jubilada o Pensionista"
2014,CCZ14,"0,4300184749","0,2327784967","54,1",Otra
2015,CCZ14,"63,72763419","1,62893711","2,6",Ocupadas
2015,CCZ14,"2,806494367","0,5687579324","20,3",Desocupadas
2015,CCZ14,"4,125248509","0,6757323983","16,4",Actividades del hogar
2015,CCZ14,"0,407554672","0,2026103851","49,7",Estudiante
2015,CCZ14,"28,55533466","1,484668429","5,2","Rentista, Jubilada o Pensionista"
2015,CCZ14,"0,3777335984","0,1878642301","49,7",Otra
2016,CCZ14,"62,78437629","1,945910004","3,1",Ocupadas
2016,CCZ14,"3,063877563","0,4459212295","14,6",Desocupadas
2016,CCZ14,"4,349110678","0,583148142","13,4",Actividades del hogar
2016,CCZ14,"0,1979554453","0,1339410597","67,7",Estudiante
2016,CCZ14,"29,05513207","2,153342882","7,4","Rentista, Jubilada o Pensionista"
2016,CCZ14,"0,5495479525","0,2389571426","43,5",Otra
2017,CCZ14,"62,55588047","1,47397283","2,4",Ocupadas
2017,CCZ14,"3,001579779","0,552810243","18,4",Desocupadas
2017,CCZ14,"3,179725051","0,5429804296","17,1",Actividades del hogar
2017,CCZ14,"0,4604887231","0,2284125378","49,6",Estudiante
2017,CCZ14,"30,59056838","1,384966286","4,5","Rentista, Jubilada o Pensionista"
2017,CCZ14,"0,211757588","0,1506633497","71,1",Otra
2018,CCZ14,"61,64820785","1,692988367","2,7",Ocupadas
2018,CCZ14,"3,711978552","0,6426435131","17,3",Desocupadas
2018,CCZ14,"4,85780856","0,7430945237","15,3",Actividades del hogar
2018,CCZ14,"0,1946953497","0,1433737243","73,6",Estudiante
2018,CCZ14,"29,25537008","1,569192541","5,4","Rentista, Jubilada o Pensionista"
2018,CCZ14,"0,3319396125","0,1911065248","57,6",Otra
2019,CCZ14,"61,44329279","1,61205032","2,6",Ocupadas
2019,CCZ14,"3,094482056","0,5898147916","19,1",Desocupadas
2019,CCZ14,"4,688155293","0,742529698","15,8",Actividades del hogar
2019,CCZ14,"0,1467856929","0,1461818822","99,6",Estudiante
2019,CCZ14,"30,47750285","1,573081912","5,2","Rentista, Jubilada o Pensionista"
2019,CCZ14,"0,1497813193","0,1493813109","99,7",Otra
2022,CCZ14,"59,29394602","2,186459063","3,7",Ocupadas
2022,CCZ14,"3,317286652","0,8247590127","24,9",Desocupadas
2022,CCZ14,"7,588621444","1,19446168","15,7",Actividades del hogar
2022,CCZ14,"0,3938730853","0,2928657923","74,4",Estudiante
2022,CCZ14,"29,18745441","2,254241404","7,7","Rentista, Jubilada o Pensionista"
2022,CCZ14,"0,2188183807","0,2306347632","105,4",Otra
2009,CCZ15,"63,83893324","2,37690429","3,7",Ocupadas
2009,CCZ15,"1,754539872","0,7109385046","40,5",Desocupadas
2009,CCZ15,"1,307132205","0,6455489295","49,4",Actividades del hogar
2009,CCZ15,0,0,,Estudiante
2009,CCZ15,"33,09939468","2,285818399","6,9","Rentista, Jubilada o Pensionista"
2009,CCZ15,0,0,,Otra
2010,CCZ15,"63,94273785","2,522645891","3,9",Ocupadas
2010,CCZ15,"1,511084601","0,6504711226",43,Desocupadas
2010,CCZ15,"2,177154787","0,6770394147","31,1",Actividades del hogar
2010,CCZ15,0,0,,Estudiante
2010,CCZ15,"32,17019584","2,384758389","7,4","Rentista, Jubilada o Pensionista"
2010,CCZ15,"0,1988269212","0,1964369724","98,8",Otra
2011,CCZ15,"63,38727631","2,382896983","3,8",Ocupadas
2011,CCZ15,"1,207295145","0,5354135158","44,3",Desocupadas
2011,CCZ15,"2,868396267","0,8107611206","28,3",Actividades del hogar
2011,CCZ15,"0,3853069612","0,3845517605","99,8",Estudiante
2011,CCZ15,"32,15172532","2,288236883","7,1","Rentista, Jubilada o Pensionista"
2011,CCZ15,0,0,,Otra
2012,CCZ15,"65,14800285","2,526115194","3,9",Ocupadas
2012,CCZ15,"0,8737517832","0,5036982816","57,6",Desocupadas
2012,CCZ15,"2,05064194","0,7699658251","37,5",Actividades del hogar
2012,CCZ15,"0,2763908702","0,2708451959",98,Estudiante
2012,CCZ15,"31,65121255","2,604652695","8,2","Rentista, Jubilada o Pensionista"
2012,CCZ15,0,0,,Otra
2013,CCZ15,"63,7587459","2,613762076","4,1",Ocupadas
2013,CCZ15,"1,487910725","0,5834234021","39,2",Desocupadas
2013,CCZ15,"2,904968559","0,9217994184","31,7",Actividades del hogar
2013,CCZ15,"0,2922681782","0,2880491735","98,6",Estudiante
2013,CCZ15,"31,07784961","2,540686551","8,2","Rentista, Jubilada o Pensionista"
2013,CCZ15,"0,4782570189","0,3287929807","68,7",Otra
2014,CCZ15,"65,95014303","2,183500124","3,3",Ocupadas
2014,CCZ15,"0,8500204332","0,524051969","61,7",Desocupadas
2014,CCZ15,"0,907233347","0,4411521142","48,6",Actividades del hogar
2014,CCZ15,"0,2043318349","0,1996220665","97,7",Estudiante
2014,CCZ15,"32,08827135","2,27466485","7,1","Rentista, Jubilada o Pensionista"
2014,CCZ15,0,0,,Otra
2015,CCZ15,"67,95986622","2,503910088","3,7",Ocupadas
2015,CCZ15,"1,245819398","0,650005574","52,2",Desocupadas
2015,CCZ15,"2,826086957","0,7927655644","28,1",Actividades del hogar
2015,CCZ15,0,0,,Estudiante
2015,CCZ15,"27,72575251","2,391263462","8,6","Rentista, Jubilada o Pensionista"
2015,CCZ15,"0,2424749164","0,2413621703","99,5",Otra
2016,CCZ15,"62,92434838","2,482657344","3,9",Ocupadas
2016,CCZ15,"1,474888748","0,7941970043","53,8",Desocupadas
2016,CCZ15,"5,162110617","1,224457866","23,7",Actividades del hogar
2016,CCZ15,0,0,,Estudiante
2016,CCZ15,"30,43865226","2,412790374","7,9","Rentista, Jubilada o Pensionista"
2016,CCZ15,0,0,,Otra
2017,CCZ15,"66,20481461","2,571442197","3,9",Ocupadas
2017,CCZ15,"2,120907191","0,827584435",39,Desocupadas
2017,CCZ15,"3,521944423","0,9264150127","26,3",Actividades del hogar
2017,CCZ15,"0,2244755786","0,22377658","99,7",Estudiante
2017,CCZ15,"27,92785819","2,296377087","8,2","Rentista, Jubilada o Pensionista"
2017,CCZ15,0,0,,Otra
2018,CCZ15,"67,97066015","3,069232512","4,5",Ocupadas
2018,CCZ15,"2,200488998","0,7852255521","35,7",Desocupadas
2018,CCZ15,"2,736505548","0,9692915225","35,4",Actividades del hogar
2018,CCZ15,"0,3103253715","0,3101195703","99,9",Estudiante
2018,CCZ15,"26,48109836","2,780373462","10,5","Rentista, Jubilada o Pensionista"
2018,CCZ15,"0,3009215723","0,3006087077","99,9",Otra
2019,CCZ15,"62,14559387","2,885622894","4,6",Ocupadas
2019,CCZ15,"4,224137931","1,258977804","29,8",Desocupadas
2019,CCZ15,"3,524904215","1,224005232","34,7",Actividades del hogar
2019,CCZ15,"0,4501915709","0,4420563733","98,2",Estudiante
2019,CCZ15,"29,65517241","2,526608176","8,5","Rentista, Jubilada o Pensionista"
2019,CCZ15,0,0,,Otra
2022,CCZ15,"67,22413021","9,32380524","13,9",Ocupadas
2022,CCZ15,"2,000895924","1,430437987","71,5",Desocupadas
2022,CCZ15,"4,434821562","2,61564414",59,Actividades del hogar
2022,CCZ15,"1,075108257","1,113117178","103,5",Estudiante
2022,CCZ15,"25,26504405","8,293872411","32,8","Rentista, Jubilada o Pensionista"
2022,CCZ15,0,0,,Otra
2009,CCZ16,"67,187083","2,078707512","3,1",Ocupadas
2009,CCZ16,"1,541232986","0,496992658","32,2",Desocupadas
2009,CCZ16,"1,261008807","0,4471463061","35,5",Actividades del hogar
2009,CCZ16,"0,2868961836","0,2860773923","99,7",Estudiante
2009,CCZ16,"29,28342674","1,988016544","6,8","Rentista, Jubilada o Pensionista"
2009,CCZ16,"0,4403522818","0,3038013364",69,Otra
2010,CCZ16,"68,39050132","2,20094692","3,2",Ocupadas
2010,CCZ16,"0,9121748963","0,4044291228","44,3",Desocupadas
2010,CCZ16,"1,681115718","0,60981932","36,3",Actividades del hogar
2010,CCZ16,"0,3995476819","0,2868352025","71,8",Estudiante
2010,CCZ16,"27,92310592","2,04920875","7,3","Rentista, Jubilada o Pensionista"
2010,CCZ16,"0,6935544666","0,3182301006","45,9",Otra
2011,CCZ16,"69,15299632","2,159207968","3,1",Ocupadas
2011,CCZ16,"1,098091731","0,4597408992","41,9",Desocupadas
2011,CCZ16,"2,705055239","0,8800187233","32,5",Actividades del hogar
2011,CCZ16,"0,4954804151","0,3482314387","70,3",Estudiante
2011,CCZ16,"26,13993974","2,02284752","7,7","Rentista, Jubilada o Pensionista"
2011,CCZ16,"0,4084365584","0,2925016706","71,6",Otra
2012,CCZ16,"70,65989186","2,035180191","2,9",Ocupadas
2012,CCZ16,"1,817471175","0,5801871874","31,9",Desocupadas
2012,CCZ16,"2,586150739","0,6781375768","26,2",Actividades del hogar
2012,CCZ16,"0,195427008","0,195210004","99,9",Estudiante
2012,CCZ16,"23,84209498","1,904958296",8,"Rentista, Jubilada o Pensionista"
2012,CCZ16,"0,8989642369","0,4186109544","46,6",Otra
2013,CCZ16,"67,47371334","2,168575225","3,2",Ocupadas
2013,CCZ16,"1,210570006","0,4958040196",41,Desocupadas
2013,CCZ16,"3,078306586","0,696240494","22,6",Actividades del hogar
2013,CCZ16,"0,186773658","0,1850110465","99,1",Estudiante
2013,CCZ16,"27,42805755","2,070048222","7,5","Rentista, Jubilada o Pensionista"
2013,CCZ16,"0,62257886","0,3516295859","56,5",Otra
2014,CCZ16,"72,32708783","2,150094321",3,Ocupadas
2014,CCZ16,"1,810963293","0,5830414781","32,2",Desocupadas
2014,CCZ16,"2,911471756","0,7221414619","24,8",Actividades del hogar
2014,CCZ16,"0,640802396","0,3647698009","56,9",Estudiante
2014,CCZ16,"22,30967472","1,941190283","8,7","Rentista, Jubilada o Pensionista"
2014,CCZ16,0,0,,Otra
2015,CCZ16,"69,80272109","2,208328949","3,2",Ocupadas
2015,CCZ16,"1,183673469","0,4608283655","38,9",Desocupadas
2015,CCZ16,"2,93877551","0,7161934518","24,4",Actividades del hogar
2015,CCZ16,"0,2380952381","0,2377278999","99,8",Estudiante
2015,CCZ16,"25,83673469","2,03613371","7,9","Rentista, Jubilada o Pensionista"
2015,CCZ16,0,0,,Otra
2016,CCZ16,"69,2441178","2,792418256",4,Ocupadas
2016,CCZ16,"1,378043179","0,4178952776","30,3",Desocupadas
2016,CCZ16,"2,148726586","0,5733585507","26,7",Actividades del hogar
2016,CCZ16,"0,2092584086","0,2057651141","98,3",Estudiante
2016,CCZ16,"26,86673812","2,577025786","9,6","Rentista, Jubilada o Pensionista"
2016,CCZ16,"0,1531159087","0,1519286705","99,2",Otra
2017,CCZ16,"69,87582177","1,853107091","2,7",Ocupadas
2017,CCZ16,"2,403214025","0,718389569","29,9",Desocupadas
2017,CCZ16,"2,571219869","0,7680814469","29,9",Actividades del hogar
2017,CCZ16,"0,5697589481","0,4002793226","70,3",Estudiante
2017,CCZ16,"24,57998539","1,665787354","6,8","Rentista, Jubilada o Pensionista"
2017,CCZ16,0,0,,Otra
2018,CCZ16,"63,09992132","2,395615459","3,8",Ocupadas
2018,CCZ16,"1,873971819","0,6687944165","35,7",Desocupadas
2018,CCZ16,"3,840926972","0,8954380852","23,3",Actividades del hogar
2018,CCZ16,"0,5865102639","0,4150452918","70,8",Estudiante
2018,CCZ16,"30,59866962","2,316742043","7,6","Rentista, Jubilada o Pensionista"
2018,CCZ16,0,0,,Otra
2019,CCZ16,"66,69360856","1,970839219",3,Ocupadas
2019,CCZ16,"2,822680925","0,7659767263","27,1",Desocupadas
2019,CCZ16,"3,239243969","0,7753510365","23,9",Actividades del hogar
2019,CCZ16,0,0,,Estudiante
2019,CCZ16,"26,97712012","1,790403375","6,6","Rentista, Jubilada o Pensionista"
2019,CCZ16,"0,2673464312","0,2652904799","99,2",Otra
2022,CCZ16,"72,14970426","2,915418082",4,Ocupadas
2022,CCZ16,"2,763614114","1,610699542","58,3",Desocupadas
2022,CCZ16,"1,040179482","0,8021262158","77,1",Actividades del hogar
2022,CCZ16,"0,5710789313","0,6250565336","109,5",Estudiante
2022,CCZ16,"23,47542321","3,345505875","14,3","Rentista, Jubilada o Pensionista"
2022,CCZ16,0,0,,Otra
2009,CCZ17,"71,04424376","1,444025585",2,Ocupadas
2009,CCZ17,"2,94073006","0,525761435","17,9",Desocupadas
2009,CCZ17,"4,485087653","0,6489354662","14,5",Actividades del hogar
2009,CCZ17,0,0,,Estudiante
2009,CCZ17,"21,07459968","1,315380754","6,2","Rentista, Jubilada o Pensionista"
2009,CCZ17,"0,455338848","0,2041351404","44,8",Otra
2010,CCZ17,"71,00481871","1,581578168","2,2",Ocupadas
2010,CCZ17,"2,95441978","0,5726867705","19,4",Desocupadas
2010,CCZ17,"3,120309661","0,5490212591","17,6",Actividades del hogar
2010,CCZ17,0,0,,Estudiante
2010,CCZ17,"22,60842089","1,587819556",7,"Rentista, Jubilada o Pensionista"
2010,CCZ17,"0,3120309661","0,184484314","59,1",Otra
2011,CCZ17,"69,48258506","1,372796388",2,Ocupadas
2011,CCZ17,"4,384940608","0,6948721313","15,8",Desocupadas
2011,CCZ17,"4,167505537","0,6492105932","15,6",Actividades del hogar
2011,CCZ17,"0,1369035635","0,1369632871",100,Estudiante
2011,CCZ17,"21,11536139","1,30126712","6,2","Rentista, Jubilada o Pensionista"
2011,CCZ17,"0,7127038454","0,2853479284",40,Otra
2012,CCZ17,"68,12352683","1,71372343","2,5",Ocupadas
2012,CCZ17,"2,369062363","0,4759807607","20,1",Desocupadas
2012,CCZ17,"6,416044105","0,8839594938","13,8",Actividades del hogar
2012,CCZ17,"0,1358315689","0,1347744143","99,2",Estudiante
2012,CCZ17,"22,52407015","1,499092186","6,7","Rentista, Jubilada o Pensionista"
2012,CCZ17,"0,4314649834","0,2139838385","49,6",Otra
2013,CCZ17,"68,38179656","1,559610805","2,3",Ocupadas
2013,CCZ17,"2,641155911","0,5233955688","19,8",Desocupadas
2013,CCZ17,"5,523727165","0,7858243594","14,2",Actividades del hogar
2013,CCZ17,"0,3459085504","0,198676754","57,4",Estudiante
2013,CCZ17,"23,0029186","1,563876151","6,8","Rentista, Jubilada o Pensionista"
2013,CCZ17,"0,1044932079","0,1042491532","99,8",Otra
2014,CCZ17,"69,38175033","1,379711283",2,Ocupadas
2014,CCZ17,"3,067924935","0,5314036988","17,3",Desocupadas
2014,CCZ17,"5,357206932","0,7252905226","13,5",Actividades del hogar
2014,CCZ17,"0,1004700563","0,1001901302","99,7",Estudiante
2014,CCZ17,"21,77329649","1,285471286","5,9","Rentista, Jubilada o Pensionista"
2014,CCZ17,"0,3193512505","0,1833774199","57,4",Otra
2015,CCZ17,"65,93591276","1,542176758","2,3",Ocupadas
2015,CCZ17,"5,071706005","0,8623168337",17,Desocupadas
2015,CCZ17,"5,646847924","0,8078392605","14,3",Actividades del hogar
2015,CCZ17,"0,1083059456","0,1081761593","99,9",Estudiante
2015,CCZ17,"22,87869734","1,507968526","6,6","Rentista, Jubilada o Pensionista"
2015,CCZ17,"0,3585300269","0,2068292352","57,7",Otra
2016,CCZ17,"65,18080737","1,832316917","2,8",Ocupadas
2016,CCZ17,"4,292296905","0,8274747838","19,3",Desocupadas
2016,CCZ17,"5,108684764","0,7097766334","13,9",Actividades del hogar
2016,CCZ17,"0,19032355","0,1924632262","101,1",Estudiante
2016,CCZ17,"24,56175498","1,753433646","7,1","Rentista, Jubilada o Pensionista"
2016,CCZ17,"0,6661324251","0,3067895142","46,1",Otra
2017,CCZ17,"64,96070394","1,800667862","2,8",Ocupadas
2017,CCZ17,"4,042417177","0,6957578136","17,2",Desocupadas
2017,CCZ17,"5,836122288","0,8925191285","15,3",Actividades del hogar
2017,CCZ17,"0,4362050164","0,2517414217","57,7",Estudiante
2017,CCZ17,"24,23570112","1,600236613","6,6","Rentista, Jubilada o Pensionista"
2017,CCZ17,"0,4888504494","0,2429920395","49,7",Otra
2018,CCZ17,"62,34262165","1,606365857","2,6",Ocupadas
2018,CCZ17,"4,744980907","0,8479211313","17,9",Desocupadas
2018,CCZ17,"8,249839313","1,121322325","13,6",Actividades del hogar
2018,CCZ17,"0,1361110061","0,1357729523","99,8",Estudiante
2018,CCZ17,"24,15970358","1,645911489","6,8","Rentista, Jubilada o Pensionista"
2018,CCZ17,"0,3667435442","0,2152542939","58,7",Otra
2019,CCZ17,"59,19180027","1,834222597","3,1",Ocupadas
2019,CCZ17,"4,193358496","0,7303366879","17,4",Desocupadas
2019,CCZ17,"5,429550885","0,8260864495","15,2",Actividades del hogar
2019,CCZ17,0,0,,Estudiante
2019,CCZ17,"30,6104782","1,713985932","5,6","Rentista, Jubilada o Pensionista"
2019,CCZ17,"0,5748121472","0,2844825611","49,5",Otra
2022,CCZ17,"61,72040125","2,638231925","4,3",Ocupadas
2022,CCZ17,"3,978931124","1,0665824","26,8",Desocupadas
2022,CCZ17,"10,00436139","1,583639505","15,8",Actividades del hogar
2022,CCZ17,"0,3455564129","0,3479222412","100,7",Estudiante
2022,CCZ17,"23,34350991","2,22794866","9,5","Rentista, Jubilada o Pensionista"
2022,CCZ17,"0,6072399101","0,349113289","57,5",Otra
2009,CCZ18,"71,47099768","2,176836696",3,Ocupadas
2009,CCZ18,"2,858468677","0,750445971","26,3",Desocupadas
2009,CCZ18,"3,025522042","0,8683489114","28,7",Actividades del hogar
2009,CCZ18,0,0,,Estudiante
2009,CCZ18,"21,95823666","1,969433502",9,"Rentista, Jubilada o Pensionista"
2009,CCZ18,"0,686774942","0,6842916691","99,6",Otra
2010,CCZ18,"72,57391156","2,30647062","3,2",Ocupadas
2010,CCZ18,"2,385618131","0,7428850013","31,1",Desocupadas
2010,CCZ18,"3,94478998","0,974911301","24,7",Actividades del hogar
2010,CCZ18,"0,1192809065","0,1185631108","99,4",Estudiante
2010,CCZ18,"20,55891625","2,104666411","10,2","Rentista, Jubilada o Pensionista"
2010,CCZ18,"0,4174831729","0,3079652078","73,8",Otra
2011,CCZ18,"70,96342902","2,422657015","3,4",Ocupadas
2011,CCZ18,"2,453794731","0,7771453189","31,7",Desocupadas
2011,CCZ18,"4,923318915","1,044161836","21,2",Actividades del hogar
2011,CCZ18,0,0,,Estudiante
2011,CCZ18,"20,7078254","2,131001465","10,3","Rentista, Jubilada o Pensionista"
2011,CCZ18,"0,9516319308","0,4828856973","50,7",Otra
2012,CCZ18,"70,90069284","2,201138673","3,1",Ocupadas
2012,CCZ18,"1,829099307","0,6324012785","34,6",Desocupadas
2012,CCZ18,"6,605080831","1,342816351","20,3",Actividades del hogar
2012,CCZ18,0,0,,Estudiante
2012,CCZ18,"20,38799076","2,11293637","10,4","Rentista, Jubilada o Pensionista"
2012,CCZ18,"0,2771362587","0,2720704401","98,2",Otra
2013,CCZ18,"66,66914886","2,355060598","3,5",Ocupadas
2013,CCZ18,"3,775411423","0,9853579916","26,1",Desocupadas
2013,CCZ18,"7,342318862","1,358672968","18,5",Actividades del hogar
2013,CCZ18,"0,2382902673","0,2381734687",100,Estudiante
2013,CCZ18,"21,78866632","2,162027925","9,9","Rentista, Jubilada o Pensionista"
2013,CCZ18,"0,1861642714","0,1819208729","97,7",Otra
2014,CCZ18,"66,79982879","2,357846162","3,5",Ocupadas
2014,CCZ18,"2,946212013","0,7971436306","27,1",Desocupadas
2014,CCZ18,"6,256241975","0,9785749469","15,6",Actividades del hogar
2014,CCZ18,0,0,,Estudiante
2014,CCZ18,"23,55542873","2,047201835","8,7","Rentista, Jubilada o Pensionista"
2014,CCZ18,"0,4422884862","0,308382554","69,7",Otra
2015,CCZ18,"64,31470957","2,358659465","3,7",Ocupadas
2015,CCZ18,"4,553841612","1,102795227","24,2",Desocupadas
2015,CCZ18,"5,136910473","1,193631651","23,2",Actividades del hogar
2015,CCZ18,"0,2435604104","0,2431124316","99,8",Estudiante
2015,CCZ18,"24,97601299","2,064487663","8,3","Rentista, Jubilada o Pensionista"
2015,CCZ18,"0,7749649421","0,376804331","48,6",Otra
2016,CCZ18,"68,01310044","2,727198307",4,Ocupadas
2016,CCZ18,"3,849689726","0,9353754395","24,3",Desocupadas
2016,CCZ18,"4,136980005","0,9414449836","22,8",Actividades del hogar
2016,CCZ18,0,0,,Estudiante
2016,CCZ18,"23,64973569","2,723967351","11,5","Rentista, Jubilada o Pensionista"
2016,CCZ18,"0,3504941393","0,2392119575","68,2",Otra
2017,CCZ18,"61,70437725","2,097143294","3,4",Ocupadas
2017,CCZ18,"2,340170579","0,765975331","32,7",Desocupadas
2017,CCZ18,"7,105096215","1,321735898","18,6",Actividades del hogar
2017,CCZ18,0,0,,Estudiante
2017,CCZ18,"28,11729048","2,042357148","7,3","Rentista, Jubilada o Pensionista"
2017,CCZ18,"0,7330654825","0,3597784989","49,1",Otra
2018,CCZ18,"63,55743373","2,512729811",4,Ocupadas
2018,CCZ18,"6,000768344","1,400070406","23,3",Desocupadas
2018,CCZ18,"6,776796005","1,325428384","19,6",Actividades del hogar
2018,CCZ18,"0,4379562044","0,3249857321","74,2",Estudiante
2018,CCZ18,"22,86592393","2,270274576","9,9","Rentista, Jubilada o Pensionista"
2018,CCZ18,"0,3611217826","0,3541531891","98,1",Otra
2019,CCZ18,"56,61834827","2,981534498","5,3",Ocupadas
2019,CCZ18,"4,176997902","1,24625399","29,8",Desocupadas
2019,CCZ18,"7,867633035","1,753246121","22,3",Actividades del hogar
2019,CCZ18,"0,4100705703","0,4005605365","97,7",Estudiante
2019,CCZ18,"29,41064276","2,694404165","9,2","Rentista, Jubilada o Pensionista"
2019,CCZ18,"1,516307458","0,7270908688",48,Otra
2022,CCZ18,"60,41530412","3,516964683","5,8",Ocupadas
2022,CCZ18,"5,902550687","1,849048526","31,3",Desocupadas
2022,CCZ18,"11,83780249","2,855962693","24,1",Actividades del hogar
2022,CCZ18,"0,5477436233","0,5330044769","97,3",Estudiante
2022,CCZ18,"21,29659908","3,139557227","14,7","Rentista, Jubilada o Pensionista"
2022,CCZ18,0,0,,Otra
2023,CCZ01,"73,22100582","2,304670243","3,1",Ocupadas
2023,CCZ02,"72,23702269","2,17648873",3,Ocupadas
2023,CCZ03,"66,73154155","2,190522206","3,3",Ocupadas
2023,CCZ04,"71,58369857","3,282057527","4,6",Ocupadas
2023,CCZ05,"62,69926796","1,856734369",3,Ocupadas
2023,CCZ06,"64,97458821","3,5203242","5,4",Ocupadas
2023,CCZ07,"64,30483474","2,856110612","4,4",Ocupadas
2023,CCZ08,"67,53195479","3,02565281","4,5",Ocupadas
2023,CCZ09,"62,29467829","1,527177903","2,5",Ocupadas
2023,CCZ10,"65,56678004","3,442938536","5,3",Ocupadas
2023,CCZ11,"60,7967754","1,618892712","2,7",Ocupadas
2023,CCZ12,"63,38067391","2,686131521","4,2",Ocupadas
2023,CCZ13,"58,16611774","2,121030845","3,6",Ocupadas
2023,CCZ14,"61,7510053","2,853142172","4,6",Ocupadas
2023,CCZ15,"66,4290252","3,871103822","5,8",Ocupadas
2023,CCZ16,"67,11871479","2,425933355","3,6",Ocupadas
2023,CCZ17,"56,71462393","2,62771594","4,6",Ocupadas
2023,CCZ18,"58,15840405","3,347298671","5,8",Ocupadas
2023,CCZ01,"2,35203558","0,7834525326","33,3",Desocupadas
2023,CCZ02,"1,692634751","0,5375348455","31,8",Desocupadas
2023,CCZ03,"1,757800432","0,5849227442","33,3",Desocupadas
2023,CCZ04,"3,591286714","1,322722946","36,8",Desocupadas
2023,CCZ05,"1,610865445","0,4075089664","25,3",Desocupadas
2023,CCZ06,"1,549200906","0,7565586064","48,8",Desocupadas
2023,CCZ07,"1,458617864","0,8527873734","58,5",Desocupadas
2023,CCZ08,"2,210926319","0,8466183895","38,3",Desocupadas
2023,CCZ09,"5,76928648","0,8509825187","14,8",Desocupadas
2023,CCZ10,"5,538352201","1,57665853","28,5",Desocupadas
2023,CCZ11,"4,373828271","0,7798282879","17,8",Desocupadas
2023,CCZ12,"2,049568365","0,9954280569","48,6",Desocupadas
2023,CCZ13,"4,873930973","0,9291715122","19,1",Desocupadas
2023,CCZ14,"4,709957399","1,486615701","31,6",Desocupadas
2023,CCZ15,"1,948189454","0,9037706504","46,4",Desocupadas
2023,CCZ16,"2,561026497","0,8277887134","32,3",Desocupadas
2023,CCZ17,"4,924421781","1,427150312",29,Desocupadas
2023,CCZ18,"5,121333929","2,093194113","40,9",Desocupadas
2023,CCZ01,"2,330653438","0,7574955809","32,5",Actividades del hogar
2023,CCZ02,"1,792201502","0,5792933715","32,3",Actividades del hogar
2023,CCZ03,"2,869941304","0,6641261832","23,1",Actividades del hogar
2023,CCZ04,"1,367174724","0,6928077433","50,7",Actividades del hogar
2023,CCZ05,"4,247333804","0,6673651112","15,7",Actividades del hogar
2023,CCZ06,"4,56799951","1,266178969","27,7",Actividades del hogar
2023,CCZ07,"3,102977329","0,9171211467","29,6",Actividades del hogar
2023,CCZ08,"6,311997236","1,375282901","21,8",Actividades del hogar
2023,CCZ09,"7,085952664","0,8369413232","11,8",Actividades del hogar
2023,CCZ10,"7,127265343","1,453064414","20,4",Actividades del hogar
2023,CCZ11,"8,350206224","1,007269098","12,1",Actividades del hogar
2023,CCZ12,"5,380116959","1,315339503","24,4",Actividades del hogar
2023,CCZ13,"6,50687775","1,238657039",19,Actividades del hogar
2023,CCZ14,"7,154516861","1,669121668","23,3",Actividades del hogar
2023,CCZ15,"4,341074328","1,519592458",35,Actividades del hogar
2023,CCZ16,"5,064677655","1,108712738","21,9",Actividades del hogar
2023,CCZ17,"10,59187762","2,039042588","19,3",Actividades del hogar
2023,CCZ18,"11,15825517","2,436926834","21,8",Actividades del hogar
2023,CCZ01,"1,950051317","0,7773553016","39,9",Estudiante
2023,CCZ02,"2,325018164","0,6574113542","28,3",Estudiante
2023,CCZ03,"0,2687673772","0,2644021114","98,4",Estudiante
2023,CCZ04,"1,805455616","0,8259782804","45,7",Estudiante
2023,CCZ05,"0,6001263424","0,2743819058","45,7",Estudiante
2023,CCZ06,"0,8756352948","0,5977632609","68,3",Estudiante
2023,CCZ07,"0,5025949194","0,5150668133","102,5",Estudiante
2023,CCZ08,0,0,,Estudiante
2023,CCZ09,"0,169471885","0,1240233538","73,2",Estudiante
2023,CCZ10,"0,2335143916","0,2404564606",103,Estudiante
2023,CCZ11,"0,3355830521","0,2075807545","61,9",Estudiante
2023,CCZ12,0,0,,Estudiante
2023,CCZ13,"0,4289944923","0,3107043215","72,4",Estudiante
2023,CCZ14,"0,5255404706","0,3699846101","70,4",Estudiante
2023,CCZ15,0,0,,Estudiante
2023,CCZ16,0,0,,Estudiante
2023,CCZ17,"0,2076124567","0,2107762081","101,5",Estudiante
2023,CCZ18,0,0,,Estudiante
2023,CCZ01,"19,69722887","2,128663594","10,8","Rentista, Jubilada o Pensionista"
2023,CCZ02,"21,77013536","2,1733225",10,"Rentista, Jubilada o Pensionista"
2023,CCZ03,"28,21748533","2,024216138","7,2","Rentista, Jubilada o Pensionista"
2023,CCZ04,"21,65238438","2,845445976","13,1","Rentista, Jubilada o Pensionista"
2023,CCZ05,"30,74207573","1,690215114","5,5","Rentista, Jubilada o Pensionista"
2023,CCZ06,"27,7264099","3,244548255","11,7","Rentista, Jubilada o Pensionista"
2023,CCZ07,"30,63097514","2,619820627","8,6","Rentista, Jubilada o Pensionista"
2023,CCZ08,"23,94512165","3,114750139",13,"Rentista, Jubilada o Pensionista"
2023,CCZ09,"24,68061068","1,38723628","5,6","Rentista, Jubilada o Pensionista"
2023,CCZ10,"21,53408802","2,558255971","11,9","Rentista, Jubilada o Pensionista"
2023,CCZ11,"25,90926134","1,674993241","6,5","Rentista, Jubilada o Pensionista"
2023,CCZ12,"29,18964077","2,613096417",9,"Rentista, Jubilada o Pensionista"
2023,CCZ13,"29,85801666","1,911964556","6,4","Rentista, Jubilada o Pensionista"
2023,CCZ14,"25,50065693","3,126794943","12,3","Rentista, Jubilada o Pensionista"
2023,CCZ15,"27,28171102","3,526719871","12,9","Rentista, Jubilada o Pensionista"
2023,CCZ16,"24,96348842","2,283804322","9,1","Rentista, Jubilada o Pensionista"
2023,CCZ17,"27,08067747","2,81658541","10,4","Rentista, Jubilada o Pensionista"
2023,CCZ18,"25,56200685","3,74547671","14,7","Rentista, Jubilada o Pensionista"
2023,CCZ01,"0,4490249743","0,2992288387","66,6",Otra
2023,CCZ02,"0,1829875407","0,1803577098","98,6",Otra
2023,CCZ03,"0,1544640099","0,1554464846","100,6",Otra
2023,CCZ04,0,0,,Otra
2023,CCZ05,"0,1003307198","0,0993024727",99,Otra
2023,CCZ06,"0,306166187","0,3147752203","102,8",Otra
2023,CCZ07,0,0,,Otra
2023,CCZ08,0,0,,Otra
2023,CCZ09,0,0,,Otra
2023,CCZ10,0,0,,Otra
2023,CCZ11,"0,2343457068","0,1606541535","68,6",Otra
2023,CCZ12,0,0,,Otra
2023,CCZ13,"0,1660623841","0,1609016133","96,9",Otra
2023,CCZ14,"0,3583230481","0,3565257874","99,5",Otra
2023,CCZ15,0,0,,Otra
2023,CCZ16,"0,2920926351","0,2991521337","102,4",Otra
2023,CCZ17,"0,4807867419","0,3306483393","68,8",Otra
2023,CCZ18,0,0,,Otra
2024,CCZ01,"73,25277407","3,462531084","4,7",Ocupadas
2024,CCZ02,"72,46722288","1,807792811","2,5",Ocupadas
2024,CCZ03,"68,84329371","2,071811791",3,Ocupadas
2024,CCZ04,"69,14032382","3,311420821","4,8",Ocupadas
2024,CCZ05,"65,38170824","1,586895386","2,4",Ocupadas
2024,CCZ06,"65,11904196","2,696392961","4,1",Ocupadas
2024,CCZ07,"66,88547337","2,79480277","4,2",Ocupadas
2024,CCZ08,"65,23877069","2,834290607","4,3",Ocupadas
2024,CCZ09,"65,03945372","1,779304465","2,7",Ocupadas
2024,CCZ10,"63,05732484","4,280171413","6,8",Ocupadas
2024,CCZ11,"63,14680654","2,085589645","3,3",Ocupadas
2024,CCZ12,"70,92864924","2,333108374","3,3",Ocupadas
2024,CCZ13,"65,10055528","2,090590319","3,2",Ocupadas
2024,CCZ14,"62,3301522","2,364143228","3,8",Ocupadas
2024,CCZ15,"60,21701317","3,720450383","6,2",Ocupadas
2024,CCZ16,"69,40057637","3,178309094","4,6",Ocupadas
2024,CCZ17,"58,64331653","2,874288635","4,9",Ocupadas
2024,CCZ18,"58,80297315","4,13898359",7,Ocupadas
2024,CCZ01,"2,410968454","0,812403195","33,7",Desocupadas
2024,CCZ02,"2,386174017","0,5308927923","22,2",Desocupadas
2024,CCZ03,"2,198339033","0,5483132709","24,9",Desocupadas
2024,CCZ04,"1,683371884","1,288649365","76,6",Desocupadas
2024,CCZ05,"1,680883994","0,4029341644",24,Desocupadas
2024,CCZ06,"2,979613173","0,8933965051",30,Desocupadas
2024,CCZ07,"1,029992529","0,8815596546","85,6",Desocupadas
2024,CCZ08,"1,427895981","0,5837781016","40,9",Desocupadas
2024,CCZ09,"3,983308042","0,7778396535","19,5",Desocupadas
2024,CCZ10,"2,290283236","1,139766939","49,8",Desocupadas
2024,CCZ11,"3,770664488","0,7438385097","19,7",Desocupadas
2024,CCZ12,"3,699164851","1,004332497","27,2",Desocupadas
2024,CCZ13,"2,425410709","0,7051168925","29,1",Desocupadas
2024,CCZ14,"5,850214638","1,103067006","18,9",Desocupadas
2024,CCZ15,"3,619647147","1,268331006",35,Desocupadas
2024,CCZ16,"1,95389049","0,7975334986","40,8",Desocupadas
2024,CCZ17,"3,589431601","1,104834369","30,8",Desocupadas
2024,CCZ18,"4,004881296","1,490757215","37,2",Desocupadas
2024,CCZ01,"1,318770697","0,6614033575","50,2",Actividades del hogar
2024,CCZ02,"2,369487485","0,5646430248","23,8",Actividades del hogar
2024,CCZ03,"3,050534658","0,7764089466","25,5",Actividades del hogar
2024,CCZ04,"3,726548445","1,061542584","28,5",Actividades del hogar
2024,CCZ05,"2,191987906","0,4584345771","20,9",Actividades del hogar
2024,CCZ06,"4,348239319","1,140470397","26,2",Actividades del hogar
2024,CCZ07,"2,027964564","0,6593097391","32,5",Actividades del hogar
2024,CCZ08,"5,333333333","1,0472209","19,6",Actividades del hogar
2024,CCZ09,"7,53262519","0,8530466751","11,3",Actividades del hogar
2024,CCZ10,"9,120477029","2,094688495",23,Actividades del hogar
2024,CCZ11,"8,289442569","1,150173299","13,9",Actividades del hogar
2024,CCZ12,"5,678104575","1,45731926","25,7",Actividades del hogar
2024,CCZ13,"6,870558449","1,418005438","20,6",Actividades del hogar
2024,CCZ14,"5,552204917","1,002814775","18,1",Actividades del hogar
2024,CCZ15,"7,048786548","2,272138558","32,2",Actividades del hogar
2024,CCZ16,"5,181556196","1,30547038","25,2",Actividades del hogar
2024,CCZ17,"10,97688163","1,524093775","13,9",Actividades del hogar
2024,CCZ18,"12,46394497","2,699759303","21,7",Actividades del hogar
2024,CCZ01,"0,8481961308","0,5206211779","61,4",Estudiante
2024,CCZ02,"0,8939213349","0,2808555084","31,4",Estudiante
2024,CCZ03,"0,6025077349","0,3173769839","52,7",Estudiante
2024,CCZ04,0,0,,Estudiante
2024,CCZ05,"1,065399705","0,316719443","29,7",Estudiante
2024,CCZ06,0,0,,Estudiante
2024,CCZ07,"0,218806703","0,2168320089","99,1",Estudiante
2024,CCZ08,"0,6288416076","0,4260803206","67,8",Estudiante
2024,CCZ09,"0,1654021244","0,122248425","73,9",Estudiante
2024,CCZ10,"0,2236075349","0,2279668127","101,9",Estudiante
2024,CCZ11,"0,2257239289","0,2118132589","93,8",Estudiante
2024,CCZ12,0,0,,Estudiante
2024,CCZ13,"0,1093304946","0,1141420444","104,4",Estudiante
2024,CCZ14,"0,5286124809","0,3532598422","66,8",Estudiante
2024,CCZ15,"0,3478837074","0,3230743958","92,9",Estudiante
2024,CCZ16,0,0,,Estudiante
2024,CCZ17,0,0,,Estudiante
2024,CCZ18,"0,5214111382","0,5459045323","104,7",Estudiante
2024,CCZ01,"22,16929065","3,382945227","15,3","Rentista, Jubilada o Pensionista"
2024,CCZ02,"21,88319428","1,65817297","7,6","Rentista, Jubilada o Pensionista"
2024,CCZ03,"25,30532487","1,97230629","7,8","Rentista, Jubilada o Pensionista"
2024,CCZ04,"25,44975585","3,087798402","12,1","Rentista, Jubilada o Pensionista"
2024,CCZ05,"29,6026347","1,445054227","4,9","Rentista, Jubilada o Pensionista"
2024,CCZ06,"27,33925771","2,579430985","9,4","Rentista, Jubilada o Pensionista"
2024,CCZ07,"29,44284342","2,835868651","9,6","Rentista, Jubilada o Pensionista"
2024,CCZ08,"27,37115839","2,409044839","8,8","Rentista, Jubilada o Pensionista"
2024,CCZ09,"23,20030349","1,519992229","6,6","Rentista, Jubilada o Pensionista"
2024,CCZ10,"25,30830736","3,93712223","15,6","Rentista, Jubilada o Pensionista"
2024,CCZ11,"24,36313606","1,852037047","7,6","Rentista, Jubilada o Pensionista"
2024,CCZ12,"19,69408134","1,88212856","9,6","Rentista, Jubilada o Pensionista"
2024,CCZ13,"25,33302644","1,944234953","7,7","Rentista, Jubilada o Pensionista"
2024,CCZ14,"25,73881577","2,1641965","8,4","Rentista, Jubilada o Pensionista"
2024,CCZ15,"28,76666943","3,658491843","12,7","Rentista, Jubilada o Pensionista"
2024,CCZ16,"23,46397695","3,236370279","13,8","Rentista, Jubilada o Pensionista"
2024,CCZ17,"26,46445333","2,751671585","10,4","Rentista, Jubilada o Pensionista"
2024,CCZ18,"22,99755935","2,478928294","10,8","Rentista, Jubilada o Pensionista"
2024,CCZ01,0,0,,Otra
2024,CCZ02,0,0,,Otra
2024,CCZ03,0,0,,Otra
2024,CCZ04,0,0,,Otra
2024,CCZ05,"0,07738545154","0,08212348101","106,1",Otra
2024,CCZ06,"0,2138478354","0,2129317544","99,6",Otra
2024,CCZ07,"0,3949194151","0,4025930542","101,9",Otra
2024,CCZ08,0,0,,Otra
2024,CCZ09,"0,07890743551","0,0852316164",108,Otra
2024,CCZ10,0,0,,Otra
2024,CCZ11,"0,2042264118","0,1583301654","77,5",Otra
2024,CCZ12,0,0,,Otra
2024,CCZ13,"0,1611186236","0,1697908802","105,4",Otra
2024,CCZ14,0,0,,Otra
2024,CCZ15,0,0,,Otra
2024,CCZ16,0,0,,Otra
2024,CCZ17,"0,3259169129","0,2418332675","74,2",Otra
2024,CCZ18,"1,209230087","0,6923263648","57,3",Otra